Arguments: 
  /usr/local/Cellar/node/19.7.0/bin/node /usr/local/Cellar/yarn/1.22.19/libexec/bin/yarn.js add @types/react-tradingview-widget --dev

PATH: 
  /Users/fatih/.rvm/gems/ruby-3.0.0/bin:/Users/fatih/.rvm/gems/ruby-3.0.0@global/bin:/Users/fatih/.rvm/rubies/ruby-3.0.0/bin:/Library/Frameworks/Python.framework/Versions/3.10/bin:/usr/local/bin:/System/Cryptexes/App/usr/bin:/usr/bin:/bin:/usr/sbin:/sbin:/Library/Apple/usr/bin:/var/run/com.apple.security.cryptexd/codex.system/bootstrap/usr/local/bin:/var/run/com.apple.security.cryptexd/codex.system/bootstrap/usr/bin:/var/run/com.apple.security.cryptexd/codex.system/bootstrap/usr/appleinternal/bin:/Users/fatih/.rvm/gems/ruby-3.0.0/bin:/Users/fatih/.rvm/gems/ruby-3.0.0@global/bin:/Users/fatih/.rvm/rubies/ruby-3.0.0/bin:/Library/Frameworks/Python.framework/Versions/3.10/bin:/Users/fatih/.cargo/bin:/Users/fatih/.rvm/bin:/Users/fatih/.rvm/bin

Yarn version: 
  1.22.19

Node version: 
  19.7.0

Platform: 
  darwin x64

Trace: 
  Error: https://registry.yarnpkg.com/@types%2freact-tradingview-widget: Not found
      at params.callback [as _callback] (/usr/local/Cellar/yarn/1.22.19/libexec/lib/cli.js:66145:18)
      at self.callback (/usr/local/Cellar/yarn/1.22.19/libexec/lib/cli.js:140890:22)
      at Request.emit (node:events:512:28)
      at Request.<anonymous> (/usr/local/Cellar/yarn/1.22.19/libexec/lib/cli.js:141862:10)
      at Request.emit (node:events:512:28)
      at IncomingMessage.<anonymous> (/usr/local/Cellar/yarn/1.22.19/libexec/lib/cli.js:141784:12)
      at Object.onceWrapper (node:events:626:28)
      at IncomingMessage.emit (node:events:524:35)
      at endReadableNT (node:internal/streams/readable:1359:12)
      at process.processTicksAndRejections (node:internal/process/task_queues:82:21)

npm manifest: 
  {
    "name": "KOC",
    "version": "1.6.0",
    "private": true,
    "scripts": {
      "clean": "rimraf \"{node_modules,.next,out.cache}\"",
      "dev": "next dev",
      "build": "next build && next export",
      "start": "next start",
      "lint": "next lint",
      "export": "next export",
      "prepare": "husky install"
    },
    "dependencies": {
      "@headlessui/react": "^1.7.2",
      "@hookform/resolvers": "^2.9.8",
      "@next/font": "^13.1.1",
      "@perawallet/connect": "1.1.0",
      "@tailwindcss/forms": "^0.5.3",
      "@tailwindcss/typography": "^0.5.7",
      "@tinymanorg/tinyman-js-sdk": "3.0.0",
      "algosdk": "2.4.0",
      "axios": "^0.27.2",
      "classnames": "^2.3.2",
      "date-fns": "^2.29.3",
      "dayjs": "^1.11.5",
      "ethers": "^5.7.1",
      "framer-motion": "^7.3.6",
      "jotai": "^2.2.1",
      "js-cookie": "^3.0.1",
      "little-state-machine": "^4.7.0",
      "lodash": "^4.17.21",
      "next": "^13.3.0",
      "next-pwa": "^2.0.2",
      "next-seo": "^5.5.0",
      "next-sitemap": "^3.1.22",
      "next-themes": "^0.2.1",
      "overlayscrollbars": "^1.13.1",
      "overlayscrollbars-react": "^0.3.0",
      "rc-slider": "^10.0.1",
      "react": "18.2.0",
      "react-countdown": "^2.3.2",
      "react-dom": "18.2.0",
      "react-dropzone": "^14.2.2",
      "react-hook-form": "^7.36.0",
      "react-query": "^3.39.2",
      "react-share": "^4.4.0",
      "react-table": "^7.7.0",
      "react-tradingview-widget": "^1.3.2",
      "react-use": "^17.3.2",
      "recharts": "^2.7.2",
      "sharp": "^0.32.0",
      "swiper": "^8.4.2",
      "tiny-invariant": "^1.2.0",
      "uuid": "^9.0.0",
      "web3modal": "^1.9.9",
      "yup": "^0.32.11"
    },
    "devDependencies": {
      "@types/classnames": "^2.3.1",
      "@types/js-cookie": "^3.0.1",
      "@types/node": "18.7.18",
      "@types/overlayscrollbars": "^1.12.1",
      "@types/react": "18.0.20",
      "@types/react-table": "^7.7.9",
      "@types/uuid": "^8.3.4",
      "autoprefixer": "^10.4.12",
      "husky": "^8.0.1",
      "lint-staged": "^13.0.1",
      "postcss": "^8.4.16",
      "prettier": "^2.7.0",
      "prettier-plugin-tailwindcss": "^0.1.13",
      "rimraf": "^3.0.2",
      "tailwindcss": "^3.2.4",
      "typescript": "4.9.4"
    },
    "engines": {
      "node": ">=12.20.0"
    }
  }

yarn manifest: 
  No manifest

Lockfile: 
  # THIS IS AN AUTOGENERATED FILE. DO NOT EDIT THIS FILE DIRECTLY.
  # yarn lockfile v1
  
  
  "@alloc/quick-lru@^5.2.0":
    version "5.2.0"
    resolved "https://registry.yarnpkg.com/@alloc/quick-lru/-/quick-lru-5.2.0.tgz#7bf68b20c0a350f936915fcae06f58e32007ce30"
    integrity sha512-UrcABB+4bUrFABwbluTIBErXwvbsU/V7TZWfmbgJfbkwiBuziS9gxdODUyuiecfdGQ85jglMW6juS3+z5TsKLw==
  
  "@ampproject/remapping@^2.2.0":
    version "2.2.1"
    resolved "https://registry.yarnpkg.com/@ampproject/remapping/-/remapping-2.2.1.tgz#99e8e11851128b8702cd57c33684f1d0f260b630"
    integrity sha512-lFMjJTrFL3j7L9yBxwYfCq2k6qqwHyzuUl/XBnif78PWTJYyL/dfowQHWE3sp6U6ZzqWiiIZnpTMO96zhkjwtg==
    dependencies:
      "@jridgewell/gen-mapping" "^0.3.0"
      "@jridgewell/trace-mapping" "^0.3.9"
  
  "@babel/code-frame@^7.22.10", "@babel/code-frame@^7.22.5", "@babel/code-frame@^7.5.5":
    version "7.22.10"
    resolved "https://registry.yarnpkg.com/@babel/code-frame/-/code-frame-7.22.10.tgz#1c20e612b768fefa75f6e90d6ecb86329247f0a3"
    integrity sha512-/KKIMG4UEL35WmI9OlvMhurwtytjvXoFcGNrOvyG9zIzA8YmPjVtIZUf7b05+TPO7G7/GEmLHDaoCgACHl9hhA==
    dependencies:
      "@babel/highlight" "^7.22.10"
      chalk "^2.4.2"
  
  "@babel/compat-data@^7.22.5", "@babel/compat-data@^7.22.6", "@babel/compat-data@^7.22.9":
    version "7.22.9"
    resolved "https://registry.yarnpkg.com/@babel/compat-data/-/compat-data-7.22.9.tgz#71cdb00a1ce3a329ce4cbec3a44f9fef35669730"
    integrity sha512-5UamI7xkUcJ3i9qVDS+KFDEK8/7oJ55/sJMB1Ge7IEapr7KfdfV/HErR+koZwOfd+SgtFKOKRhRakdg++DcJpQ==
  
  "@babel/core@^7.8.4":
    version "7.22.10"
    resolved "https://registry.yarnpkg.com/@babel/core/-/core-7.22.10.tgz#aad442c7bcd1582252cb4576747ace35bc122f35"
    integrity sha512-fTmqbbUBAwCcre6zPzNngvsI0aNrPZe77AeqvDxWM9Nm+04RrJ3CAmGHA9f7lJQY6ZMhRztNemy4uslDxTX4Qw==
    dependencies:
      "@ampproject/remapping" "^2.2.0"
      "@babel/code-frame" "^7.22.10"
      "@babel/generator" "^7.22.10"
      "@babel/helper-compilation-targets" "^7.22.10"
      "@babel/helper-module-transforms" "^7.22.9"
      "@babel/helpers" "^7.22.10"
      "@babel/parser" "^7.22.10"
      "@babel/template" "^7.22.5"
      "@babel/traverse" "^7.22.10"
      "@babel/types" "^7.22.10"
      convert-source-map "^1.7.0"
      debug "^4.1.0"
      gensync "^1.0.0-beta.2"
      json5 "^2.2.2"
      semver "^6.3.1"
  
  "@babel/generator@^7.22.10":
    version "7.22.10"
    resolved "https://registry.yarnpkg.com/@babel/generator/-/generator-7.22.10.tgz#c92254361f398e160645ac58831069707382b722"
    integrity sha512-79KIf7YiWjjdZ81JnLujDRApWtl7BxTqWD88+FFdQEIOG8LJ0etDOM7CXuIgGJa55sGOwZVwuEsaLEm0PJ5/+A==
    dependencies:
      "@babel/types" "^7.22.10"
      "@jridgewell/gen-mapping" "^0.3.2"
      "@jridgewell/trace-mapping" "^0.3.17"
      jsesc "^2.5.1"
  
  "@babel/helper-annotate-as-pure@^7.22.5":
    version "7.22.5"
    resolved "https://registry.yarnpkg.com/@babel/helper-annotate-as-pure/-/helper-annotate-as-pure-7.22.5.tgz#e7f06737b197d580a01edf75d97e2c8be99d3882"
    integrity sha512-LvBTxu8bQSQkcyKOU+a1btnNFQ1dMAd0R6PyW3arXes06F6QLWLIrd681bxRPIXlrMGR3XYnW9JyML7dP3qgxg==
    dependencies:
      "@babel/types" "^7.22.5"
  
  "@babel/helper-builder-binary-assignment-operator-visitor@^7.22.5":
    version "7.22.10"
    resolved "https://registry.yarnpkg.com/@babel/helper-builder-binary-assignment-operator-visitor/-/helper-builder-binary-assignment-operator-visitor-7.22.10.tgz#573e735937e99ea75ea30788b57eb52fab7468c9"
    integrity sha512-Av0qubwDQxC56DoUReVDeLfMEjYYSN1nZrTUrWkXd7hpU73ymRANkbuDm3yni9npkn+RXy9nNbEJZEzXr7xrfQ==
    dependencies:
      "@babel/types" "^7.22.10"
  
  "@babel/helper-compilation-targets@^7.22.10", "@babel/helper-compilation-targets@^7.22.5", "@babel/helper-compilation-targets@^7.22.6":
    version "7.22.10"
    resolved "https://registry.yarnpkg.com/@babel/helper-compilation-targets/-/helper-compilation-targets-7.22.10.tgz#01d648bbc25dd88f513d862ee0df27b7d4e67024"
    integrity sha512-JMSwHD4J7SLod0idLq5PKgI+6g/hLD/iuWBq08ZX49xE14VpVEojJ5rHWptpirV2j020MvypRLAXAO50igCJ5Q==
    dependencies:
      "@babel/compat-data" "^7.22.9"
      "@babel/helper-validator-option" "^7.22.5"
      browserslist "^4.21.9"
      lru-cache "^5.1.1"
      semver "^6.3.1"
  
  "@babel/helper-create-class-features-plugin@^7.22.5":
    version "7.22.10"
    resolved "https://registry.yarnpkg.com/@babel/helper-create-class-features-plugin/-/helper-create-class-features-plugin-7.22.10.tgz#dd2612d59eac45588021ac3d6fa976d08f4e95a3"
    integrity sha512-5IBb77txKYQPpOEdUdIhBx8VrZyDCQ+H82H0+5dX1TmuscP5vJKEE3cKurjtIw/vFwzbVH48VweE78kVDBrqjA==
    dependencies:
      "@babel/helper-annotate-as-pure" "^7.22.5"
      "@babel/helper-environment-visitor" "^7.22.5"
      "@babel/helper-function-name" "^7.22.5"
      "@babel/helper-member-expression-to-functions" "^7.22.5"
      "@babel/helper-optimise-call-expression" "^7.22.5"
      "@babel/helper-replace-supers" "^7.22.9"
      "@babel/helper-skip-transparent-expression-wrappers" "^7.22.5"
      "@babel/helper-split-export-declaration" "^7.22.6"
      semver "^6.3.1"
  
  "@babel/helper-create-regexp-features-plugin@^7.18.6", "@babel/helper-create-regexp-features-plugin@^7.22.5":
    version "7.22.9"
    resolved "https://registry.yarnpkg.com/@babel/helper-create-regexp-features-plugin/-/helper-create-regexp-features-plugin-7.22.9.tgz#9d8e61a8d9366fe66198f57c40565663de0825f6"
    integrity sha512-+svjVa/tFwsNSG4NEy1h85+HQ5imbT92Q5/bgtS7P0GTQlP8WuFdqsiABmQouhiFGyV66oGxZFpeYHza1rNsKw==
    dependencies:
      "@babel/helper-annotate-as-pure" "^7.22.5"
      regexpu-core "^5.3.1"
      semver "^6.3.1"
  
  "@babel/helper-define-polyfill-provider@^0.4.2":
    version "0.4.2"
    resolved "https://registry.yarnpkg.com/@babel/helper-define-polyfill-provider/-/helper-define-polyfill-provider-0.4.2.tgz#82c825cadeeeee7aad237618ebbe8fa1710015d7"
    integrity sha512-k0qnnOqHn5dK9pZpfD5XXZ9SojAITdCKRn2Lp6rnDGzIbaP0rHyMPk/4wsSxVBVz4RfN0q6VpXWP2pDGIoQ7hw==
    dependencies:
      "@babel/helper-compilation-targets" "^7.22.6"
      "@babel/helper-plugin-utils" "^7.22.5"
      debug "^4.1.1"
      lodash.debounce "^4.0.8"
      resolve "^1.14.2"
  
  "@babel/helper-environment-visitor@^7.22.5":
    version "7.22.5"
    resolved "https://registry.yarnpkg.com/@babel/helper-environment-visitor/-/helper-environment-visitor-7.22.5.tgz#f06dd41b7c1f44e1f8da6c4055b41ab3a09a7e98"
    integrity sha512-XGmhECfVA/5sAt+H+xpSg0mfrHq6FzNr9Oxh7PSEBBRUb/mL7Kz3NICXb194rCqAEdxkhPT1a88teizAFyvk8Q==
  
  "@babel/helper-function-name@^7.22.5":
    version "7.22.5"
    resolved "https://registry.yarnpkg.com/@babel/helper-function-name/-/helper-function-name-7.22.5.tgz#ede300828905bb15e582c037162f99d5183af1be"
    integrity sha512-wtHSq6jMRE3uF2otvfuD3DIvVhOsSNshQl0Qrd7qC9oQJzHvOL4qQXlQn2916+CXGywIjpGuIkoyZRRxHPiNQQ==
    dependencies:
      "@babel/template" "^7.22.5"
      "@babel/types" "^7.22.5"
  
  "@babel/helper-hoist-variables@^7.22.5":
    version "7.22.5"
    resolved "https://registry.yarnpkg.com/@babel/helper-hoist-variables/-/helper-hoist-variables-7.22.5.tgz#c01a007dac05c085914e8fb652b339db50d823bb"
    integrity sha512-wGjk9QZVzvknA6yKIUURb8zY3grXCcOZt+/7Wcy8O2uctxhplmUPkOdlgoNhmdVee2c92JXbf1xpMtVNbfoxRw==
    dependencies:
      "@babel/types" "^7.22.5"
  
  "@babel/helper-member-expression-to-functions@^7.22.5":
    version "7.22.5"
    resolved "https://registry.yarnpkg.com/@babel/helper-member-expression-to-functions/-/helper-member-expression-to-functions-7.22.5.tgz#0a7c56117cad3372fbf8d2fb4bf8f8d64a1e76b2"
    integrity sha512-aBiH1NKMG0H2cGZqspNvsaBe6wNGjbJjuLy29aU+eDZjSbbN53BaxlpB02xm9v34pLTZ1nIQPFYn2qMZoa5BQQ==
    dependencies:
      "@babel/types" "^7.22.5"
  
  "@babel/helper-module-imports@^7.0.0", "@babel/helper-module-imports@^7.22.5":
    version "7.22.5"
    resolved "https://registry.yarnpkg.com/@babel/helper-module-imports/-/helper-module-imports-7.22.5.tgz#1a8f4c9f4027d23f520bd76b364d44434a72660c"
    integrity sha512-8Dl6+HD/cKifutF5qGd/8ZJi84QeAKh+CEe1sBzz8UayBBGg1dAIJrdHOcOM5b2MpzWL2yuotJTtGjETq0qjXg==
    dependencies:
      "@babel/types" "^7.22.5"
  
  "@babel/helper-module-transforms@^7.22.5", "@babel/helper-module-transforms@^7.22.9":
    version "7.22.9"
    resolved "https://registry.yarnpkg.com/@babel/helper-module-transforms/-/helper-module-transforms-7.22.9.tgz#92dfcb1fbbb2bc62529024f72d942a8c97142129"
    integrity sha512-t+WA2Xn5K+rTeGtC8jCsdAH52bjggG5TKRuRrAGNM/mjIbO4GxvlLMFOEz9wXY5I2XQ60PMFsAG2WIcG82dQMQ==
    dependencies:
      "@babel/helper-environment-visitor" "^7.22.5"
      "@babel/helper-module-imports" "^7.22.5"
      "@babel/helper-simple-access" "^7.22.5"
      "@babel/helper-split-export-declaration" "^7.22.6"
      "@babel/helper-validator-identifier" "^7.22.5"
  
  "@babel/helper-optimise-call-expression@^7.22.5":
    version "7.22.5"
    resolved "https://registry.yarnpkg.com/@babel/helper-optimise-call-expression/-/helper-optimise-call-expression-7.22.5.tgz#f21531a9ccbff644fdd156b4077c16ff0c3f609e"
    integrity sha512-HBwaojN0xFRx4yIvpwGqxiV2tUfl7401jlok564NgB9EHS1y6QT17FmKWm4ztqjeVdXLuC4fSvHc5ePpQjoTbw==
    dependencies:
      "@babel/types" "^7.22.5"
  
  "@babel/helper-plugin-utils@^7.0.0", "@babel/helper-plugin-utils@^7.10.4", "@babel/helper-plugin-utils@^7.12.13", "@babel/helper-plugin-utils@^7.14.5", "@babel/helper-plugin-utils@^7.18.6", "@babel/helper-plugin-utils@^7.22.5", "@babel/helper-plugin-utils@^7.8.0", "@babel/helper-plugin-utils@^7.8.3":
    version "7.22.5"
    resolved "https://registry.yarnpkg.com/@babel/helper-plugin-utils/-/helper-plugin-utils-7.22.5.tgz#dd7ee3735e8a313b9f7b05a773d892e88e6d7295"
    integrity sha512-uLls06UVKgFG9QD4OeFYLEGteMIAa5kpTPcFL28yuCIIzsf6ZyKZMllKVOCZFhiZ5ptnwX4mtKdWCBE/uT4amg==
  
  "@babel/helper-remap-async-to-generator@^7.22.5", "@babel/helper-remap-async-to-generator@^7.22.9":
    version "7.22.9"
    resolved "https://registry.yarnpkg.com/@babel/helper-remap-async-to-generator/-/helper-remap-async-to-generator-7.22.9.tgz#53a25b7484e722d7efb9c350c75c032d4628de82"
    integrity sha512-8WWC4oR4Px+tr+Fp0X3RHDVfINGpF3ad1HIbrc8A77epiR6eMMc6jsgozkzT2uDiOOdoS9cLIQ+XD2XvI2WSmQ==
    dependencies:
      "@babel/helper-annotate-as-pure" "^7.22.5"
      "@babel/helper-environment-visitor" "^7.22.5"
      "@babel/helper-wrap-function" "^7.22.9"
  
  "@babel/helper-replace-supers@^7.22.5", "@babel/helper-replace-supers@^7.22.9":
    version "7.22.9"
    resolved "https://registry.yarnpkg.com/@babel/helper-replace-supers/-/helper-replace-supers-7.22.9.tgz#cbdc27d6d8d18cd22c81ae4293765a5d9afd0779"
    integrity sha512-LJIKvvpgPOPUThdYqcX6IXRuIcTkcAub0IaDRGCZH0p5GPUp7PhRU9QVgFcDDd51BaPkk77ZjqFwh6DZTAEmGg==
    dependencies:
      "@babel/helper-environment-visitor" "^7.22.5"
      "@babel/helper-member-expression-to-functions" "^7.22.5"
      "@babel/helper-optimise-call-expression" "^7.22.5"
  
  "@babel/helper-simple-access@^7.22.5":
    version "7.22.5"
    resolved "https://registry.yarnpkg.com/@babel/helper-simple-access/-/helper-simple-access-7.22.5.tgz#4938357dc7d782b80ed6dbb03a0fba3d22b1d5de"
    integrity sha512-n0H99E/K+Bika3++WNL17POvo4rKWZ7lZEp1Q+fStVbUi8nxPQEBOlTmCOxW/0JsS56SKKQ+ojAe2pHKJHN35w==
    dependencies:
      "@babel/types" "^7.22.5"
  
  "@babel/helper-skip-transparent-expression-wrappers@^7.22.5":
    version "7.22.5"
    resolved "https://registry.yarnpkg.com/@babel/helper-skip-transparent-expression-wrappers/-/helper-skip-transparent-expression-wrappers-7.22.5.tgz#007f15240b5751c537c40e77abb4e89eeaaa8847"
    integrity sha512-tK14r66JZKiC43p8Ki33yLBVJKlQDFoA8GYN67lWCDCqoL6EMMSuM9b+Iff2jHaM/RRFYl7K+iiru7hbRqNx8Q==
    dependencies:
      "@babel/types" "^7.22.5"
  
  "@babel/helper-split-export-declaration@^7.22.6":
    version "7.22.6"
    resolved "https://registry.yarnpkg.com/@babel/helper-split-export-declaration/-/helper-split-export-declaration-7.22.6.tgz#322c61b7310c0997fe4c323955667f18fcefb91c"
    integrity sha512-AsUnxuLhRYsisFiaJwvp1QF+I3KjD5FOxut14q/GzovUe6orHLesW2C7d754kRm53h5gqrz6sFl6sxc4BVtE/g==
    dependencies:
      "@babel/types" "^7.22.5"
  
  "@babel/helper-string-parser@^7.22.5":
    version "7.22.5"
    resolved "https://registry.yarnpkg.com/@babel/helper-string-parser/-/helper-string-parser-7.22.5.tgz#533f36457a25814cf1df6488523ad547d784a99f"
    integrity sha512-mM4COjgZox8U+JcXQwPijIZLElkgEpO5rsERVDJTc2qfCDfERyob6k5WegS14SX18IIjv+XD+GrqNumY5JRCDw==
  
  "@babel/helper-validator-identifier@^7.22.5":
    version "7.22.5"
    resolved "https://registry.yarnpkg.com/@babel/helper-validator-identifier/-/helper-validator-identifier-7.22.5.tgz#9544ef6a33999343c8740fa51350f30eeaaaf193"
    integrity sha512-aJXu+6lErq8ltp+JhkJUfk1MTGyuA4v7f3pA+BJ5HLfNC6nAQ0Cpi9uOquUj8Hehg0aUiHzWQbOVJGao6ztBAQ==
  
  "@babel/helper-validator-option@^7.22.5":
    version "7.22.5"
    resolved "https://registry.yarnpkg.com/@babel/helper-validator-option/-/helper-validator-option-7.22.5.tgz#de52000a15a177413c8234fa3a8af4ee8102d0ac"
    integrity sha512-R3oB6xlIVKUnxNUxbmgq7pKjxpru24zlimpE8WK47fACIlM0II/Hm1RS8IaOI7NgCr6LNS+jl5l75m20npAziw==
  
  "@babel/helper-wrap-function@^7.22.9":
    version "7.22.10"
    resolved "https://registry.yarnpkg.com/@babel/helper-wrap-function/-/helper-wrap-function-7.22.10.tgz#d845e043880ed0b8c18bd194a12005cb16d2f614"
    integrity sha512-OnMhjWjuGYtdoO3FmsEFWvBStBAe2QOgwOLsLNDjN+aaiMD8InJk1/O3HSD8lkqTjCgg5YI34Tz15KNNA3p+nQ==
    dependencies:
      "@babel/helper-function-name" "^7.22.5"
      "@babel/template" "^7.22.5"
      "@babel/types" "^7.22.10"
  
  "@babel/helpers@^7.22.10":
    version "7.22.10"
    resolved "https://registry.yarnpkg.com/@babel/helpers/-/helpers-7.22.10.tgz#ae6005c539dfbcb5cd71fb51bfc8a52ba63bc37a"
    integrity sha512-a41J4NW8HyZa1I1vAndrraTlPZ/eZoga2ZgS7fEr0tZJGVU4xqdE80CEm0CcNjha5EZ8fTBYLKHF0kqDUuAwQw==
    dependencies:
      "@babel/template" "^7.22.5"
      "@babel/traverse" "^7.22.10"
      "@babel/types" "^7.22.10"
  
  "@babel/highlight@^7.22.10":
    version "7.22.10"
    resolved "https://registry.yarnpkg.com/@babel/highlight/-/highlight-7.22.10.tgz#02a3f6d8c1cb4521b2fd0ab0da8f4739936137d7"
    integrity sha512-78aUtVcT7MUscr0K5mIEnkwxPE0MaxkR5RxRwuHaQ+JuU5AmTPhY+do2mdzVTnIJJpyBglql2pehuBIWHug+WQ==
    dependencies:
      "@babel/helper-validator-identifier" "^7.22.5"
      chalk "^2.4.2"
      js-tokens "^4.0.0"
  
  "@babel/parser@^7.22.10", "@babel/parser@^7.22.5":
    version "7.22.10"
    resolved "https://registry.yarnpkg.com/@babel/parser/-/parser-7.22.10.tgz#e37634f9a12a1716136c44624ef54283cabd3f55"
    integrity sha512-lNbdGsQb9ekfsnjFGhEiF4hfFqGgfOP3H3d27re3n+CGhNuTSUEQdfWk556sTLNTloczcdM5TYF2LhzmDQKyvQ==
  
  "@babel/plugin-bugfix-safari-id-destructuring-collision-in-function-expression@^7.22.5":
    version "7.22.5"
    resolved "https://registry.yarnpkg.com/@babel/plugin-bugfix-safari-id-destructuring-collision-in-function-expression/-/plugin-bugfix-safari-id-destructuring-collision-in-function-expression-7.22.5.tgz#87245a21cd69a73b0b81bcda98d443d6df08f05e"
    integrity sha512-NP1M5Rf+u2Gw9qfSO4ihjcTGW5zXTi36ITLd4/EoAcEhIZ0yjMqmftDNl3QC19CX7olhrjpyU454g/2W7X0jvQ==
    dependencies:
      "@babel/helper-plugin-utils" "^7.22.5"
  
  "@babel/plugin-bugfix-v8-spread-parameters-in-optional-chaining@^7.22.5":
    version "7.22.5"
    resolved "https://registry.yarnpkg.com/@babel/plugin-bugfix-v8-spread-parameters-in-optional-chaining/-/plugin-bugfix-v8-spread-parameters-in-optional-chaining-7.22.5.tgz#fef09f9499b1f1c930da8a0c419db42167d792ca"
    integrity sha512-31Bb65aZaUwqCbWMnZPduIZxCBngHFlzyN6Dq6KAJjtx+lx6ohKHubc61OomYi7XwVD4Ol0XCVz4h+pYFR048g==
    dependencies:
      "@babel/helper-plugin-utils" "^7.22.5"
      "@babel/helper-skip-transparent-expression-wrappers" "^7.22.5"
      "@babel/plugin-transform-optional-chaining" "^7.22.5"
  
  "@babel/plugin-proposal-private-property-in-object@7.21.0-placeholder-for-preset-env.2":
    version "7.21.0-placeholder-for-preset-env.2"
    resolved "https://registry.yarnpkg.com/@babel/plugin-proposal-private-property-in-object/-/plugin-proposal-private-property-in-object-7.21.0-placeholder-for-preset-env.2.tgz#7844f9289546efa9febac2de4cfe358a050bd703"
    integrity sha512-SOSkfJDddaM7mak6cPEpswyTRnuRltl429hMraQEglW+OkovnCzsiszTmsrlY//qLFjCpQDFRvjdm2wA5pPm9w==
  
  "@babel/plugin-syntax-async-generators@^7.8.4":
    version "7.8.4"
    resolved "https://registry.yarnpkg.com/@babel/plugin-syntax-async-generators/-/plugin-syntax-async-generators-7.8.4.tgz#a983fb1aeb2ec3f6ed042a210f640e90e786fe0d"
    integrity sha512-tycmZxkGfZaxhMRbXlPXuVFpdWlXpir2W4AMhSJgRKzk/eDlIXOhb2LHWoLpDF7TEHylV5zNhykX6KAgHJmTNw==
    dependencies:
      "@babel/helper-plugin-utils" "^7.8.0"
  
  "@babel/plugin-syntax-class-properties@^7.12.13":
    version "7.12.13"
    resolved "https://registry.yarnpkg.com/@babel/plugin-syntax-class-properties/-/plugin-syntax-class-properties-7.12.13.tgz#b5c987274c4a3a82b89714796931a6b53544ae10"
    integrity sha512-fm4idjKla0YahUNgFNLCB0qySdsoPiZP3iQE3rky0mBUtMZ23yDJ9SJdg6dXTSDnulOVqiF3Hgr9nbXvXTQZYA==
    dependencies:
      "@babel/helper-plugin-utils" "^7.12.13"
  
  "@babel/plugin-syntax-class-static-block@^7.14.5":
    version "7.14.5"
    resolved "https://registry.yarnpkg.com/@babel/plugin-syntax-class-static-block/-/plugin-syntax-class-static-block-7.14.5.tgz#195df89b146b4b78b3bf897fd7a257c84659d406"
    integrity sha512-b+YyPmr6ldyNnM6sqYeMWE+bgJcJpO6yS4QD7ymxgH34GBPNDM/THBh8iunyvKIZztiwLH4CJZ0RxTk9emgpjw==
    dependencies:
      "@babel/helper-plugin-utils" "^7.14.5"
  
  "@babel/plugin-syntax-dynamic-import@^7.8.3":
    version "7.8.3"
    resolved "https://registry.yarnpkg.com/@babel/plugin-syntax-dynamic-import/-/plugin-syntax-dynamic-import-7.8.3.tgz#62bf98b2da3cd21d626154fc96ee5b3cb68eacb3"
    integrity sha512-5gdGbFon+PszYzqs83S3E5mpi7/y/8M9eC90MRTZfduQOYW76ig6SOSPNe41IG5LoP3FGBn2N0RjVDSQiS94kQ==
    dependencies:
      "@babel/helper-plugin-utils" "^7.8.0"
  
  "@babel/plugin-syntax-export-namespace-from@^7.8.3":
    version "7.8.3"
    resolved "https://registry.yarnpkg.com/@babel/plugin-syntax-export-namespace-from/-/plugin-syntax-export-namespace-from-7.8.3.tgz#028964a9ba80dbc094c915c487ad7c4e7a66465a"
    integrity sha512-MXf5laXo6c1IbEbegDmzGPwGNTsHZmEy6QGznu5Sh2UCWvueywb2ee+CCE4zQiZstxU9BMoQO9i6zUFSY0Kj0Q==
    dependencies:
      "@babel/helper-plugin-utils" "^7.8.3"
  
  "@babel/plugin-syntax-import-assertions@^7.22.5":
    version "7.22.5"
    resolved "https://registry.yarnpkg.com/@babel/plugin-syntax-import-assertions/-/plugin-syntax-import-assertions-7.22.5.tgz#07d252e2aa0bc6125567f742cd58619cb14dce98"
    integrity sha512-rdV97N7KqsRzeNGoWUOK6yUsWarLjE5Su/Snk9IYPU9CwkWHs4t+rTGOvffTR8XGkJMTAdLfO0xVnXm8wugIJg==
    dependencies:
      "@babel/helper-plugin-utils" "^7.22.5"
  
  "@babel/plugin-syntax-import-attributes@^7.22.5":
    version "7.22.5"
    resolved "https://registry.yarnpkg.com/@babel/plugin-syntax-import-attributes/-/plugin-syntax-import-attributes-7.22.5.tgz#ab840248d834410b829f569f5262b9e517555ecb"
    integrity sha512-KwvoWDeNKPETmozyFE0P2rOLqh39EoQHNjqizrI5B8Vt0ZNS7M56s7dAiAqbYfiAYOuIzIh96z3iR2ktgu3tEg==
    dependencies:
      "@babel/helper-plugin-utils" "^7.22.5"
  
  "@babel/plugin-syntax-import-meta@^7.10.4":
    version "7.10.4"
    resolved "https://registry.yarnpkg.com/@babel/plugin-syntax-import-meta/-/plugin-syntax-import-meta-7.10.4.tgz#ee601348c370fa334d2207be158777496521fd51"
    integrity sha512-Yqfm+XDx0+Prh3VSeEQCPU81yC+JWZ2pDPFSS4ZdpfZhp4MkFMaDC1UqseovEKwSUpnIL7+vK+Clp7bfh0iD7g==
    dependencies:
      "@babel/helper-plugin-utils" "^7.10.4"
  
  "@babel/plugin-syntax-json-strings@^7.8.3":
    version "7.8.3"
    resolved "https://registry.yarnpkg.com/@babel/plugin-syntax-json-strings/-/plugin-syntax-json-strings-7.8.3.tgz#01ca21b668cd8218c9e640cb6dd88c5412b2c96a"
    integrity sha512-lY6kdGpWHvjoe2vk4WrAapEuBR69EMxZl+RoGRhrFGNYVK8mOPAW8VfbT/ZgrFbXlDNiiaxQnAtgVCZ6jv30EA==
    dependencies:
      "@babel/helper-plugin-utils" "^7.8.0"
  
  "@babel/plugin-syntax-jsx@^7.22.5":
    version "7.22.5"
    resolved "https://registry.yarnpkg.com/@babel/plugin-syntax-jsx/-/plugin-syntax-jsx-7.22.5.tgz#a6b68e84fb76e759fc3b93e901876ffabbe1d918"
    integrity sha512-gvyP4hZrgrs/wWMaocvxZ44Hw0b3W8Pe+cMxc8V1ULQ07oh8VNbIRaoD1LRZVTvD+0nieDKjfgKg89sD7rrKrg==
    dependencies:
      "@babel/helper-plugin-utils" "^7.22.5"
  
  "@babel/plugin-syntax-logical-assignment-operators@^7.10.4":
    version "7.10.4"
    resolved "https://registry.yarnpkg.com/@babel/plugin-syntax-logical-assignment-operators/-/plugin-syntax-logical-assignment-operators-7.10.4.tgz#ca91ef46303530448b906652bac2e9fe9941f699"
    integrity sha512-d8waShlpFDinQ5MtvGU9xDAOzKH47+FFoney2baFIoMr952hKOLp1HR7VszoZvOsV/4+RRszNY7D17ba0te0ig==
    dependencies:
      "@babel/helper-plugin-utils" "^7.10.4"
  
  "@babel/plugin-syntax-nullish-coalescing-operator@^7.8.3":
    version "7.8.3"
    resolved "https://registry.yarnpkg.com/@babel/plugin-syntax-nullish-coalescing-operator/-/plugin-syntax-nullish-coalescing-operator-7.8.3.tgz#167ed70368886081f74b5c36c65a88c03b66d1a9"
    integrity sha512-aSff4zPII1u2QD7y+F8oDsz19ew4IGEJg9SVW+bqwpwtfFleiQDMdzA/R+UlWDzfnHFCxxleFT0PMIrR36XLNQ==
    dependencies:
      "@babel/helper-plugin-utils" "^7.8.0"
  
  "@babel/plugin-syntax-numeric-separator@^7.10.4":
    version "7.10.4"
    resolved "https://registry.yarnpkg.com/@babel/plugin-syntax-numeric-separator/-/plugin-syntax-numeric-separator-7.10.4.tgz#b9b070b3e33570cd9fd07ba7fa91c0dd37b9af97"
    integrity sha512-9H6YdfkcK/uOnY/K7/aA2xpzaAgkQn37yzWUMRK7OaPOqOpGS1+n0H5hxT9AUw9EsSjPW8SVyMJwYRtWs3X3ug==
    dependencies:
      "@babel/helper-plugin-utils" "^7.10.4"
  
  "@babel/plugin-syntax-object-rest-spread@^7.8.3":
    version "7.8.3"
    resolved "https://registry.yarnpkg.com/@babel/plugin-syntax-object-rest-spread/-/plugin-syntax-object-rest-spread-7.8.3.tgz#60e225edcbd98a640332a2e72dd3e66f1af55871"
    integrity sha512-XoqMijGZb9y3y2XskN+P1wUGiVwWZ5JmoDRwx5+3GmEplNyVM2s2Dg8ILFQm8rWM48orGy5YpI5Bl8U1y7ydlA==
    dependencies:
      "@babel/helper-plugin-utils" "^7.8.0"
  
  "@babel/plugin-syntax-optional-catch-binding@^7.8.3":
    version "7.8.3"
    resolved "https://registry.yarnpkg.com/@babel/plugin-syntax-optional-catch-binding/-/plugin-syntax-optional-catch-binding-7.8.3.tgz#6111a265bcfb020eb9efd0fdfd7d26402b9ed6c1"
    integrity sha512-6VPD0Pc1lpTqw0aKoeRTMiB+kWhAoT24PA+ksWSBrFtl5SIRVpZlwN3NNPQjehA2E/91FV3RjLWoVTglWcSV3Q==
    dependencies:
      "@babel/helper-plugin-utils" "^7.8.0"
  
  "@babel/plugin-syntax-optional-chaining@^7.8.3":
    version "7.8.3"
    resolved "https://registry.yarnpkg.com/@babel/plugin-syntax-optional-chaining/-/plugin-syntax-optional-chaining-7.8.3.tgz#4f69c2ab95167e0180cd5336613f8c5788f7d48a"
    integrity sha512-KoK9ErH1MBlCPxV0VANkXW2/dw4vlbGDrFgz8bmUsBGYkFRcbRwMh6cIJubdPrkxRwuGdtCk0v/wPTKbQgBjkg==
    dependencies:
      "@babel/helper-plugin-utils" "^7.8.0"
  
  "@babel/plugin-syntax-private-property-in-object@^7.14.5":
    version "7.14.5"
    resolved "https://registry.yarnpkg.com/@babel/plugin-syntax-private-property-in-object/-/plugin-syntax-private-property-in-object-7.14.5.tgz#0dc6671ec0ea22b6e94a1114f857970cd39de1ad"
    integrity sha512-0wVnp9dxJ72ZUJDV27ZfbSj6iHLoytYZmh3rFcxNnvsJF3ktkzLDZPy/mA17HGsaQT3/DQsWYX1f1QGWkCoVUg==
    dependencies:
      "@babel/helper-plugin-utils" "^7.14.5"
  
  "@babel/plugin-syntax-top-level-await@^7.14.5":
    version "7.14.5"
    resolved "https://registry.yarnpkg.com/@babel/plugin-syntax-top-level-await/-/plugin-syntax-top-level-await-7.14.5.tgz#c1cfdadc35a646240001f06138247b741c34d94c"
    integrity sha512-hx++upLv5U1rgYfwe1xBQUhRmU41NEvpUvrp8jkrSCdvGSnM5/qdRMtylJ6PG5OFkBaHkbTAKTnd3/YyESRHFw==
    dependencies:
      "@babel/helper-plugin-utils" "^7.14.5"
  
  "@babel/plugin-syntax-unicode-sets-regex@^7.18.6":
    version "7.18.6"
    resolved "https://registry.yarnpkg.com/@babel/plugin-syntax-unicode-sets-regex/-/plugin-syntax-unicode-sets-regex-7.18.6.tgz#d49a3b3e6b52e5be6740022317580234a6a47357"
    integrity sha512-727YkEAPwSIQTv5im8QHz3upqp92JTWhidIC81Tdx4VJYIte/VndKf1qKrfnnhPLiPghStWfvC/iFaMCQu7Nqg==
    dependencies:
      "@babel/helper-create-regexp-features-plugin" "^7.18.6"
      "@babel/helper-plugin-utils" "^7.18.6"
  
  "@babel/plugin-transform-arrow-functions@^7.22.5":
    version "7.22.5"
    resolved "https://registry.yarnpkg.com/@babel/plugin-transform-arrow-functions/-/plugin-transform-arrow-functions-7.22.5.tgz#e5ba566d0c58a5b2ba2a8b795450641950b71958"
    integrity sha512-26lTNXoVRdAnsaDXPpvCNUq+OVWEVC6bx7Vvz9rC53F2bagUWW4u4ii2+h8Fejfh7RYqPxn+libeFBBck9muEw==
    dependencies:
      "@babel/helper-plugin-utils" "^7.22.5"
  
  "@babel/plugin-transform-async-generator-functions@^7.22.10":
    version "7.22.10"
    resolved "https://registry.yarnpkg.com/@babel/plugin-transform-async-generator-functions/-/plugin-transform-async-generator-functions-7.22.10.tgz#45946cd17f915b10e65c29b8ed18a0a50fc648c8"
    integrity sha512-eueE8lvKVzq5wIObKK/7dvoeKJ+xc6TvRn6aysIjS6pSCeLy7S/eVi7pEQknZqyqvzaNKdDtem8nUNTBgDVR2g==
    dependencies:
      "@babel/helper-environment-visitor" "^7.22.5"
      "@babel/helper-plugin-utils" "^7.22.5"
      "@babel/helper-remap-async-to-generator" "^7.22.9"
      "@babel/plugin-syntax-async-generators" "^7.8.4"
  
  "@babel/plugin-transform-async-to-generator@^7.22.5":
    version "7.22.5"
    resolved "https://registry.yarnpkg.com/@babel/plugin-transform-async-to-generator/-/plugin-transform-async-to-generator-7.22.5.tgz#c7a85f44e46f8952f6d27fe57c2ed3cc084c3775"
    integrity sha512-b1A8D8ZzE/VhNDoV1MSJTnpKkCG5bJo+19R4o4oy03zM7ws8yEMK755j61Dc3EyvdysbqH5BOOTquJ7ZX9C6vQ==
    dependencies:
      "@babel/helper-module-imports" "^7.22.5"
      "@babel/helper-plugin-utils" "^7.22.5"
      "@babel/helper-remap-async-to-generator" "^7.22.5"
  
  "@babel/plugin-transform-block-scoped-functions@^7.22.5":
    version "7.22.5"
    resolved "https://registry.yarnpkg.com/@babel/plugin-transform-block-scoped-functions/-/plugin-transform-block-scoped-functions-7.22.5.tgz#27978075bfaeb9fa586d3cb63a3d30c1de580024"
    integrity sha512-tdXZ2UdknEKQWKJP1KMNmuF5Lx3MymtMN/pvA+p/VEkhK8jVcQ1fzSy8KM9qRYhAf2/lV33hoMPKI/xaI9sADA==
    dependencies:
      "@babel/helper-plugin-utils" "^7.22.5"
  
  "@babel/plugin-transform-block-scoping@^7.22.10":
    version "7.22.10"
    resolved "https://registry.yarnpkg.com/@babel/plugin-transform-block-scoping/-/plugin-transform-block-scoping-7.22.10.tgz#88a1dccc3383899eb5e660534a76a22ecee64faa"
    integrity sha512-1+kVpGAOOI1Albt6Vse7c8pHzcZQdQKW+wJH+g8mCaszOdDVwRXa/slHPqIw+oJAJANTKDMuM2cBdV0Dg618Vg==
    dependencies:
      "@babel/helper-plugin-utils" "^7.22.5"
  
  "@babel/plugin-transform-class-properties@^7.22.5":
    version "7.22.5"
    resolved "https://registry.yarnpkg.com/@babel/plugin-transform-class-properties/-/plugin-transform-class-properties-7.22.5.tgz#97a56e31ad8c9dc06a0b3710ce7803d5a48cca77"
    integrity sha512-nDkQ0NfkOhPTq8YCLiWNxp1+f9fCobEjCb0n8WdbNUBc4IB5V7P1QnX9IjpSoquKrXF5SKojHleVNs2vGeHCHQ==
    dependencies:
      "@babel/helper-create-class-features-plugin" "^7.22.5"
      "@babel/helper-plugin-utils" "^7.22.5"
  
  "@babel/plugin-transform-class-static-block@^7.22.5":
    version "7.22.5"
    resolved "https://registry.yarnpkg.com/@babel/plugin-transform-class-static-block/-/plugin-transform-class-static-block-7.22.5.tgz#3e40c46f048403472d6f4183116d5e46b1bff5ba"
    integrity sha512-SPToJ5eYZLxlnp1UzdARpOGeC2GbHvr9d/UV0EukuVx8atktg194oe+C5BqQ8jRTkgLRVOPYeXRSBg1IlMoVRA==
    dependencies:
      "@babel/helper-create-class-features-plugin" "^7.22.5"
      "@babel/helper-plugin-utils" "^7.22.5"
      "@babel/plugin-syntax-class-static-block" "^7.14.5"
  
  "@babel/plugin-transform-classes@^7.22.6":
    version "7.22.6"
    resolved "https://registry.yarnpkg.com/@babel/plugin-transform-classes/-/plugin-transform-classes-7.22.6.tgz#e04d7d804ed5b8501311293d1a0e6d43e94c3363"
    integrity sha512-58EgM6nuPNG6Py4Z3zSuu0xWu2VfodiMi72Jt5Kj2FECmaYk1RrTXA45z6KBFsu9tRgwQDwIiY4FXTt+YsSFAQ==
    dependencies:
      "@babel/helper-annotate-as-pure" "^7.22.5"
      "@babel/helper-compilation-targets" "^7.22.6"
      "@babel/helper-environment-visitor" "^7.22.5"
      "@babel/helper-function-name" "^7.22.5"
      "@babel/helper-optimise-call-expression" "^7.22.5"
      "@babel/helper-plugin-utils" "^7.22.5"
      "@babel/helper-replace-supers" "^7.22.5"
      "@babel/helper-split-export-declaration" "^7.22.6"
      globals "^11.1.0"
  
  "@babel/plugin-transform-computed-properties@^7.22.5":
    version "7.22.5"
    resolved "https://registry.yarnpkg.com/@babel/plugin-transform-computed-properties/-/plugin-transform-computed-properties-7.22.5.tgz#cd1e994bf9f316bd1c2dafcd02063ec261bb3869"
    integrity sha512-4GHWBgRf0krxPX+AaPtgBAlTgTeZmqDynokHOX7aqqAB4tHs3U2Y02zH6ETFdLZGcg9UQSD1WCmkVrE9ErHeOg==
    dependencies:
      "@babel/helper-plugin-utils" "^7.22.5"
      "@babel/template" "^7.22.5"
  
  "@babel/plugin-transform-destructuring@^7.22.10":
    version "7.22.10"
    resolved "https://registry.yarnpkg.com/@babel/plugin-transform-destructuring/-/plugin-transform-destructuring-7.22.10.tgz#38e2273814a58c810b6c34ea293be4973c4eb5e2"
    integrity sha512-dPJrL0VOyxqLM9sritNbMSGx/teueHF/htMKrPT7DNxccXxRDPYqlgPFFdr8u+F+qUZOkZoXue/6rL5O5GduEw==
    dependencies:
      "@babel/helper-plugin-utils" "^7.22.5"
  
  "@babel/plugin-transform-dotall-regex@^7.22.5":
    version "7.22.5"
    resolved "https://registry.yarnpkg.com/@babel/plugin-transform-dotall-regex/-/plugin-transform-dotall-regex-7.22.5.tgz#dbb4f0e45766eb544e193fb00e65a1dd3b2a4165"
    integrity sha512-5/Yk9QxCQCl+sOIB1WelKnVRxTJDSAIxtJLL2/pqL14ZVlbH0fUQUZa/T5/UnQtBNgghR7mfB8ERBKyKPCi7Vw==
    dependencies:
      "@babel/helper-create-regexp-features-plugin" "^7.22.5"
      "@babel/helper-plugin-utils" "^7.22.5"
  
  "@babel/plugin-transform-duplicate-keys@^7.22.5":
    version "7.22.5"
    resolved "https://registry.yarnpkg.com/@babel/plugin-transform-duplicate-keys/-/plugin-transform-duplicate-keys-7.22.5.tgz#b6e6428d9416f5f0bba19c70d1e6e7e0b88ab285"
    integrity sha512-dEnYD+9BBgld5VBXHnF/DbYGp3fqGMsyxKbtD1mDyIA7AkTSpKXFhCVuj/oQVOoALfBs77DudA0BE4d5mcpmqw==
    dependencies:
      "@babel/helper-plugin-utils" "^7.22.5"
  
  "@babel/plugin-transform-dynamic-import@^7.22.5":
    version "7.22.5"
    resolved "https://registry.yarnpkg.com/@babel/plugin-transform-dynamic-import/-/plugin-transform-dynamic-import-7.22.5.tgz#d6908a8916a810468c4edff73b5b75bda6ad393e"
    integrity sha512-0MC3ppTB1AMxd8fXjSrbPa7LT9hrImt+/fcj+Pg5YMD7UQyWp/02+JWpdnCymmsXwIx5Z+sYn1bwCn4ZJNvhqQ==
    dependencies:
      "@babel/helper-plugin-utils" "^7.22.5"
      "@babel/plugin-syntax-dynamic-import" "^7.8.3"
  
  "@babel/plugin-transform-exponentiation-operator@^7.22.5":
    version "7.22.5"
    resolved "https://registry.yarnpkg.com/@babel/plugin-transform-exponentiation-operator/-/plugin-transform-exponentiation-operator-7.22.5.tgz#402432ad544a1f9a480da865fda26be653e48f6a"
    integrity sha512-vIpJFNM/FjZ4rh1myqIya9jXwrwwgFRHPjT3DkUA9ZLHuzox8jiXkOLvwm1H+PQIP3CqfC++WPKeuDi0Sjdj1g==
    dependencies:
      "@babel/helper-builder-binary-assignment-operator-visitor" "^7.22.5"
      "@babel/helper-plugin-utils" "^7.22.5"
  
  "@babel/plugin-transform-export-namespace-from@^7.22.5":
    version "7.22.5"
    resolved "https://registry.yarnpkg.com/@babel/plugin-transform-export-namespace-from/-/plugin-transform-export-namespace-from-7.22.5.tgz#57c41cb1d0613d22f548fddd8b288eedb9973a5b"
    integrity sha512-X4hhm7FRnPgd4nDA4b/5V280xCx6oL7Oob5+9qVS5C13Zq4bh1qq7LU0GgRU6b5dBWBvhGaXYVB4AcN6+ol6vg==
    dependencies:
      "@babel/helper-plugin-utils" "^7.22.5"
      "@babel/plugin-syntax-export-namespace-from" "^7.8.3"
  
  "@babel/plugin-transform-for-of@^7.22.5":
    version "7.22.5"
    resolved "https://registry.yarnpkg.com/@babel/plugin-transform-for-of/-/plugin-transform-for-of-7.22.5.tgz#ab1b8a200a8f990137aff9a084f8de4099ab173f"
    integrity sha512-3kxQjX1dU9uudwSshyLeEipvrLjBCVthCgeTp6CzE/9JYrlAIaeekVxRpCWsDDfYTfRZRoCeZatCQvwo+wvK8A==
    dependencies:
      "@babel/helper-plugin-utils" "^7.22.5"
  
  "@babel/plugin-transform-function-name@^7.22.5":
    version "7.22.5"
    resolved "https://registry.yarnpkg.com/@babel/plugin-transform-function-name/-/plugin-transform-function-name-7.22.5.tgz#935189af68b01898e0d6d99658db6b164205c143"
    integrity sha512-UIzQNMS0p0HHiQm3oelztj+ECwFnj+ZRV4KnguvlsD2of1whUeM6o7wGNj6oLwcDoAXQ8gEqfgC24D+VdIcevg==
    dependencies:
      "@babel/helper-compilation-targets" "^7.22.5"
      "@babel/helper-function-name" "^7.22.5"
      "@babel/helper-plugin-utils" "^7.22.5"
  
  "@babel/plugin-transform-json-strings@^7.22.5":
    version "7.22.5"
    resolved "https://registry.yarnpkg.com/@babel/plugin-transform-json-strings/-/plugin-transform-json-strings-7.22.5.tgz#14b64352fdf7e1f737eed68de1a1468bd2a77ec0"
    integrity sha512-DuCRB7fu8MyTLbEQd1ew3R85nx/88yMoqo2uPSjevMj3yoN7CDM8jkgrY0wmVxfJZyJ/B9fE1iq7EQppWQmR5A==
    dependencies:
      "@babel/helper-plugin-utils" "^7.22.5"
      "@babel/plugin-syntax-json-strings" "^7.8.3"
  
  "@babel/plugin-transform-literals@^7.22.5":
    version "7.22.5"
    resolved "https://registry.yarnpkg.com/@babel/plugin-transform-literals/-/plugin-transform-literals-7.22.5.tgz#e9341f4b5a167952576e23db8d435849b1dd7920"
    integrity sha512-fTLj4D79M+mepcw3dgFBTIDYpbcB9Sm0bpm4ppXPaO+U+PKFFyV9MGRvS0gvGw62sd10kT5lRMKXAADb9pWy8g==
    dependencies:
      "@babel/helper-plugin-utils" "^7.22.5"
  
  "@babel/plugin-transform-logical-assignment-operators@^7.22.5":
    version "7.22.5"
    resolved "https://registry.yarnpkg.com/@babel/plugin-transform-logical-assignment-operators/-/plugin-transform-logical-assignment-operators-7.22.5.tgz#66ae5f068fd5a9a5dc570df16f56c2a8462a9d6c"
    integrity sha512-MQQOUW1KL8X0cDWfbwYP+TbVbZm16QmQXJQ+vndPtH/BoO0lOKpVoEDMI7+PskYxH+IiE0tS8xZye0qr1lGzSA==
    dependencies:
      "@babel/helper-plugin-utils" "^7.22.5"
      "@babel/plugin-syntax-logical-assignment-operators" "^7.10.4"
  
  "@babel/plugin-transform-member-expression-literals@^7.22.5":
    version "7.22.5"
    resolved "https://registry.yarnpkg.com/@babel/plugin-transform-member-expression-literals/-/plugin-transform-member-expression-literals-7.22.5.tgz#4fcc9050eded981a468347dd374539ed3e058def"
    integrity sha512-RZEdkNtzzYCFl9SE9ATaUMTj2hqMb4StarOJLrZRbqqU4HSBE7UlBw9WBWQiDzrJZJdUWiMTVDI6Gv/8DPvfew==
    dependencies:
      "@babel/helper-plugin-utils" "^7.22.5"
  
  "@babel/plugin-transform-modules-amd@^7.22.5":
    version "7.22.5"
    resolved "https://registry.yarnpkg.com/@babel/plugin-transform-modules-amd/-/plugin-transform-modules-amd-7.22.5.tgz#4e045f55dcf98afd00f85691a68fc0780704f526"
    integrity sha512-R+PTfLTcYEmb1+kK7FNkhQ1gP4KgjpSO6HfH9+f8/yfp2Nt3ggBjiVpRwmwTlfqZLafYKJACy36yDXlEmI9HjQ==
    dependencies:
      "@babel/helper-module-transforms" "^7.22.5"
      "@babel/helper-plugin-utils" "^7.22.5"
  
  "@babel/plugin-transform-modules-commonjs@^7.22.5":
    version "7.22.5"
    resolved "https://registry.yarnpkg.com/@babel/plugin-transform-modules-commonjs/-/plugin-transform-modules-commonjs-7.22.5.tgz#7d9875908d19b8c0536085af7b053fd5bd651bfa"
    integrity sha512-B4pzOXj+ONRmuaQTg05b3y/4DuFz3WcCNAXPLb2Q0GT0TrGKGxNKV4jwsXts+StaM0LQczZbOpj8o1DLPDJIiA==
    dependencies:
      "@babel/helper-module-transforms" "^7.22.5"
      "@babel/helper-plugin-utils" "^7.22.5"
      "@babel/helper-simple-access" "^7.22.5"
  
  "@babel/plugin-transform-modules-systemjs@^7.22.5":
    version "7.22.5"
    resolved "https://registry.yarnpkg.com/@babel/plugin-transform-modules-systemjs/-/plugin-transform-modules-systemjs-7.22.5.tgz#18c31410b5e579a0092638f95c896c2a98a5d496"
    integrity sha512-emtEpoaTMsOs6Tzz+nbmcePl6AKVtS1yC4YNAeMun9U8YCsgadPNxnOPQ8GhHFB2qdx+LZu9LgoC0Lthuu05DQ==
    dependencies:
      "@babel/helper-hoist-variables" "^7.22.5"
      "@babel/helper-module-transforms" "^7.22.5"
      "@babel/helper-plugin-utils" "^7.22.5"
      "@babel/helper-validator-identifier" "^7.22.5"
  
  "@babel/plugin-transform-modules-umd@^7.22.5":
    version "7.22.5"
    resolved "https://registry.yarnpkg.com/@babel/plugin-transform-modules-umd/-/plugin-transform-modules-umd-7.22.5.tgz#4694ae40a87b1745e3775b6a7fe96400315d4f98"
    integrity sha512-+S6kzefN/E1vkSsKx8kmQuqeQsvCKCd1fraCM7zXm4SFoggI099Tr4G8U81+5gtMdUeMQ4ipdQffbKLX0/7dBQ==
    dependencies:
      "@babel/helper-module-transforms" "^7.22.5"
      "@babel/helper-plugin-utils" "^7.22.5"
  
  "@babel/plugin-transform-named-capturing-groups-regex@^7.22.5":
    version "7.22.5"
    resolved "https://registry.yarnpkg.com/@babel/plugin-transform-named-capturing-groups-regex/-/plugin-transform-named-capturing-groups-regex-7.22.5.tgz#67fe18ee8ce02d57c855185e27e3dc959b2e991f"
    integrity sha512-YgLLKmS3aUBhHaxp5hi1WJTgOUb/NCuDHzGT9z9WTt3YG+CPRhJs6nprbStx6DnWM4dh6gt7SU3sZodbZ08adQ==
    dependencies:
      "@babel/helper-create-regexp-features-plugin" "^7.22.5"
      "@babel/helper-plugin-utils" "^7.22.5"
  
  "@babel/plugin-transform-new-target@^7.22.5":
    version "7.22.5"
    resolved "https://registry.yarnpkg.com/@babel/plugin-transform-new-target/-/plugin-transform-new-target-7.22.5.tgz#1b248acea54ce44ea06dfd37247ba089fcf9758d"
    integrity sha512-AsF7K0Fx/cNKVyk3a+DW0JLo+Ua598/NxMRvxDnkpCIGFh43+h/v2xyhRUYf6oD8gE4QtL83C7zZVghMjHd+iw==
    dependencies:
      "@babel/helper-plugin-utils" "^7.22.5"
  
  "@babel/plugin-transform-nullish-coalescing-operator@^7.22.5":
    version "7.22.5"
    resolved "https://registry.yarnpkg.com/@babel/plugin-transform-nullish-coalescing-operator/-/plugin-transform-nullish-coalescing-operator-7.22.5.tgz#f8872c65776e0b552e0849d7596cddd416c3e381"
    integrity sha512-6CF8g6z1dNYZ/VXok5uYkkBBICHZPiGEl7oDnAx2Mt1hlHVHOSIKWJaXHjQJA5VB43KZnXZDIexMchY4y2PGdA==
    dependencies:
      "@babel/helper-plugin-utils" "^7.22.5"
      "@babel/plugin-syntax-nullish-coalescing-operator" "^7.8.3"
  
  "@babel/plugin-transform-numeric-separator@^7.22.5":
    version "7.22.5"
    resolved "https://registry.yarnpkg.com/@babel/plugin-transform-numeric-separator/-/plugin-transform-numeric-separator-7.22.5.tgz#57226a2ed9e512b9b446517ab6fa2d17abb83f58"
    integrity sha512-NbslED1/6M+sXiwwtcAB/nieypGw02Ejf4KtDeMkCEpP6gWFMX1wI9WKYua+4oBneCCEmulOkRpwywypVZzs/g==
    dependencies:
      "@babel/helper-plugin-utils" "^7.22.5"
      "@babel/plugin-syntax-numeric-separator" "^7.10.4"
  
  "@babel/plugin-transform-object-rest-spread@^7.22.5":
    version "7.22.5"
    resolved "https://registry.yarnpkg.com/@babel/plugin-transform-object-rest-spread/-/plugin-transform-object-rest-spread-7.22.5.tgz#9686dc3447df4753b0b2a2fae7e8bc33cdc1f2e1"
    integrity sha512-Kk3lyDmEslH9DnvCDA1s1kkd3YWQITiBOHngOtDL9Pt6BZjzqb6hiOlb8VfjiiQJ2unmegBqZu0rx5RxJb5vmQ==
    dependencies:
      "@babel/compat-data" "^7.22.5"
      "@babel/helper-compilation-targets" "^7.22.5"
      "@babel/helper-plugin-utils" "^7.22.5"
      "@babel/plugin-syntax-object-rest-spread" "^7.8.3"
      "@babel/plugin-transform-parameters" "^7.22.5"
  
  "@babel/plugin-transform-object-super@^7.22.5":
    version "7.22.5"
    resolved "https://registry.yarnpkg.com/@babel/plugin-transform-object-super/-/plugin-transform-object-super-7.22.5.tgz#794a8d2fcb5d0835af722173c1a9d704f44e218c"
    integrity sha512-klXqyaT9trSjIUrcsYIfETAzmOEZL3cBYqOYLJxBHfMFFggmXOv+NYSX/Jbs9mzMVESw/WycLFPRx8ba/b2Ipw==
    dependencies:
      "@babel/helper-plugin-utils" "^7.22.5"
      "@babel/helper-replace-supers" "^7.22.5"
  
  "@babel/plugin-transform-optional-catch-binding@^7.22.5":
    version "7.22.5"
    resolved "https://registry.yarnpkg.com/@babel/plugin-transform-optional-catch-binding/-/plugin-transform-optional-catch-binding-7.22.5.tgz#842080be3076703be0eaf32ead6ac8174edee333"
    integrity sha512-pH8orJahy+hzZje5b8e2QIlBWQvGpelS76C63Z+jhZKsmzfNaPQ+LaW6dcJ9bxTpo1mtXbgHwy765Ro3jftmUg==
    dependencies:
      "@babel/helper-plugin-utils" "^7.22.5"
      "@babel/plugin-syntax-optional-catch-binding" "^7.8.3"
  
  "@babel/plugin-transform-optional-chaining@^7.22.10", "@babel/plugin-transform-optional-chaining@^7.22.5":
    version "7.22.10"
    resolved "https://registry.yarnpkg.com/@babel/plugin-transform-optional-chaining/-/plugin-transform-optional-chaining-7.22.10.tgz#076d28a7e074392e840d4ae587d83445bac0372a"
    integrity sha512-MMkQqZAZ+MGj+jGTG3OTuhKeBpNcO+0oCEbrGNEaOmiEn+1MzRyQlYsruGiU8RTK3zV6XwrVJTmwiDOyYK6J9g==
    dependencies:
      "@babel/helper-plugin-utils" "^7.22.5"
      "@babel/helper-skip-transparent-expression-wrappers" "^7.22.5"
      "@babel/plugin-syntax-optional-chaining" "^7.8.3"
  
  "@babel/plugin-transform-parameters@^7.22.5":
    version "7.22.5"
    resolved "https://registry.yarnpkg.com/@babel/plugin-transform-parameters/-/plugin-transform-parameters-7.22.5.tgz#c3542dd3c39b42c8069936e48717a8d179d63a18"
    integrity sha512-AVkFUBurORBREOmHRKo06FjHYgjrabpdqRSwq6+C7R5iTCZOsM4QbcB27St0a4U6fffyAOqh3s/qEfybAhfivg==
    dependencies:
      "@babel/helper-plugin-utils" "^7.22.5"
  
  "@babel/plugin-transform-private-methods@^7.22.5":
    version "7.22.5"
    resolved "https://registry.yarnpkg.com/@babel/plugin-transform-private-methods/-/plugin-transform-private-methods-7.22.5.tgz#21c8af791f76674420a147ae62e9935d790f8722"
    integrity sha512-PPjh4gyrQnGe97JTalgRGMuU4icsZFnWkzicB/fUtzlKUqvsWBKEpPPfr5a2JiyirZkHxnAqkQMO5Z5B2kK3fA==
    dependencies:
      "@babel/helper-create-class-features-plugin" "^7.22.5"
      "@babel/helper-plugin-utils" "^7.22.5"
  
  "@babel/plugin-transform-private-property-in-object@^7.22.5":
    version "7.22.5"
    resolved "https://registry.yarnpkg.com/@babel/plugin-transform-private-property-in-object/-/plugin-transform-private-property-in-object-7.22.5.tgz#07a77f28cbb251546a43d175a1dda4cf3ef83e32"
    integrity sha512-/9xnaTTJcVoBtSSmrVyhtSvO3kbqS2ODoh2juEU72c3aYonNF0OMGiaz2gjukyKM2wBBYJP38S4JiE0Wfb5VMQ==
    dependencies:
      "@babel/helper-annotate-as-pure" "^7.22.5"
      "@babel/helper-create-class-features-plugin" "^7.22.5"
      "@babel/helper-plugin-utils" "^7.22.5"
      "@babel/plugin-syntax-private-property-in-object" "^7.14.5"
  
  "@babel/plugin-transform-property-literals@^7.22.5":
    version "7.22.5"
    resolved "https://registry.yarnpkg.com/@babel/plugin-transform-property-literals/-/plugin-transform-property-literals-7.22.5.tgz#b5ddabd73a4f7f26cd0e20f5db48290b88732766"
    integrity sha512-TiOArgddK3mK/x1Qwf5hay2pxI6wCZnvQqrFSqbtg1GLl2JcNMitVH/YnqjP+M31pLUeTfzY1HAXFDnUBV30rQ==
    dependencies:
      "@babel/helper-plugin-utils" "^7.22.5"
  
  "@babel/plugin-transform-regenerator@^7.22.10":
    version "7.22.10"
    resolved "https://registry.yarnpkg.com/@babel/plugin-transform-regenerator/-/plugin-transform-regenerator-7.22.10.tgz#8ceef3bd7375c4db7652878b0241b2be5d0c3cca"
    integrity sha512-F28b1mDt8KcT5bUyJc/U9nwzw6cV+UmTeRlXYIl2TNqMMJif0Jeey9/RQ3C4NOd2zp0/TRsDns9ttj2L523rsw==
    dependencies:
      "@babel/helper-plugin-utils" "^7.22.5"
      regenerator-transform "^0.15.2"
  
  "@babel/plugin-transform-reserved-words@^7.22.5":
    version "7.22.5"
    resolved "https://registry.yarnpkg.com/@babel/plugin-transform-reserved-words/-/plugin-transform-reserved-words-7.22.5.tgz#832cd35b81c287c4bcd09ce03e22199641f964fb"
    integrity sha512-DTtGKFRQUDm8svigJzZHzb/2xatPc6TzNvAIJ5GqOKDsGFYgAskjRulbR/vGsPKq3OPqtexnz327qYpP57RFyA==
    dependencies:
      "@babel/helper-plugin-utils" "^7.22.5"
  
  "@babel/plugin-transform-shorthand-properties@^7.22.5":
    version "7.22.5"
    resolved "https://registry.yarnpkg.com/@babel/plugin-transform-shorthand-properties/-/plugin-transform-shorthand-properties-7.22.5.tgz#6e277654be82b5559fc4b9f58088507c24f0c624"
    integrity sha512-vM4fq9IXHscXVKzDv5itkO1X52SmdFBFcMIBZ2FRn2nqVYqw6dBexUgMvAjHW+KXpPPViD/Yo3GrDEBaRC0QYA==
    dependencies:
      "@babel/helper-plugin-utils" "^7.22.5"
  
  "@babel/plugin-transform-spread@^7.22.5":
    version "7.22.5"
    resolved "https://registry.yarnpkg.com/@babel/plugin-transform-spread/-/plugin-transform-spread-7.22.5.tgz#6487fd29f229c95e284ba6c98d65eafb893fea6b"
    integrity sha512-5ZzDQIGyvN4w8+dMmpohL6MBo+l2G7tfC/O2Dg7/hjpgeWvUx8FzfeOKxGog9IimPa4YekaQ9PlDqTLOljkcxg==
    dependencies:
      "@babel/helper-plugin-utils" "^7.22.5"
      "@babel/helper-skip-transparent-expression-wrappers" "^7.22.5"
  
  "@babel/plugin-transform-sticky-regex@^7.22.5":
    version "7.22.5"
    resolved "https://registry.yarnpkg.com/@babel/plugin-transform-sticky-regex/-/plugin-transform-sticky-regex-7.22.5.tgz#295aba1595bfc8197abd02eae5fc288c0deb26aa"
    integrity sha512-zf7LuNpHG0iEeiyCNwX4j3gDg1jgt1k3ZdXBKbZSoA3BbGQGvMiSvfbZRR3Dr3aeJe3ooWFZxOOG3IRStYp2Bw==
    dependencies:
      "@babel/helper-plugin-utils" "^7.22.5"
  
  "@babel/plugin-transform-template-literals@^7.22.5":
    version "7.22.5"
    resolved "https://registry.yarnpkg.com/@babel/plugin-transform-template-literals/-/plugin-transform-template-literals-7.22.5.tgz#8f38cf291e5f7a8e60e9f733193f0bcc10909bff"
    integrity sha512-5ciOehRNf+EyUeewo8NkbQiUs4d6ZxiHo6BcBcnFlgiJfu16q0bQUw9Jvo0b0gBKFG1SMhDSjeKXSYuJLeFSMA==
    dependencies:
      "@babel/helper-plugin-utils" "^7.22.5"
  
  "@babel/plugin-transform-typeof-symbol@^7.22.5":
    version "7.22.5"
    resolved "https://registry.yarnpkg.com/@babel/plugin-transform-typeof-symbol/-/plugin-transform-typeof-symbol-7.22.5.tgz#5e2ba478da4b603af8673ff7c54f75a97b716b34"
    integrity sha512-bYkI5lMzL4kPii4HHEEChkD0rkc+nvnlR6+o/qdqR6zrm0Sv/nodmyLhlq2DO0YKLUNd2VePmPRjJXSBh9OIdA==
    dependencies:
      "@babel/helper-plugin-utils" "^7.22.5"
  
  "@babel/plugin-transform-unicode-escapes@^7.22.10":
    version "7.22.10"
    resolved "https://registry.yarnpkg.com/@babel/plugin-transform-unicode-escapes/-/plugin-transform-unicode-escapes-7.22.10.tgz#c723f380f40a2b2f57a62df24c9005834c8616d9"
    integrity sha512-lRfaRKGZCBqDlRU3UIFovdp9c9mEvlylmpod0/OatICsSfuQ9YFthRo1tpTkGsklEefZdqlEFdY4A2dwTb6ohg==
    dependencies:
      "@babel/helper-plugin-utils" "^7.22.5"
  
  "@babel/plugin-transform-unicode-property-regex@^7.22.5":
    version "7.22.5"
    resolved "https://registry.yarnpkg.com/@babel/plugin-transform-unicode-property-regex/-/plugin-transform-unicode-property-regex-7.22.5.tgz#098898f74d5c1e86660dc112057b2d11227f1c81"
    integrity sha512-HCCIb+CbJIAE6sXn5CjFQXMwkCClcOfPCzTlilJ8cUatfzwHlWQkbtV0zD338u9dZskwvuOYTuuaMaA8J5EI5A==
    dependencies:
      "@babel/helper-create-regexp-features-plugin" "^7.22.5"
      "@babel/helper-plugin-utils" "^7.22.5"
  
  "@babel/plugin-transform-unicode-regex@^7.22.5":
    version "7.22.5"
    resolved "https://registry.yarnpkg.com/@babel/plugin-transform-unicode-regex/-/plugin-transform-unicode-regex-7.22.5.tgz#ce7e7bb3ef208c4ff67e02a22816656256d7a183"
    integrity sha512-028laaOKptN5vHJf9/Arr/HiJekMd41hOEZYvNsrsXqJ7YPYuX2bQxh31fkZzGmq3YqHRJzYFFAVYvKfMPKqyg==
    dependencies:
      "@babel/helper-create-regexp-features-plugin" "^7.22.5"
      "@babel/helper-plugin-utils" "^7.22.5"
  
  "@babel/plugin-transform-unicode-sets-regex@^7.22.5":
    version "7.22.5"
    resolved "https://registry.yarnpkg.com/@babel/plugin-transform-unicode-sets-regex/-/plugin-transform-unicode-sets-regex-7.22.5.tgz#77788060e511b708ffc7d42fdfbc5b37c3004e91"
    integrity sha512-lhMfi4FC15j13eKrh3DnYHjpGj6UKQHtNKTbtc1igvAhRy4+kLhV07OpLcsN0VgDEw/MjAvJO4BdMJsHwMhzCg==
    dependencies:
      "@babel/helper-create-regexp-features-plugin" "^7.22.5"
      "@babel/helper-plugin-utils" "^7.22.5"
  
  "@babel/preset-env@^7.8.4":
    version "7.22.10"
    resolved "https://registry.yarnpkg.com/@babel/preset-env/-/preset-env-7.22.10.tgz#3263b9fe2c8823d191d28e61eac60a79f9ce8a0f"
    integrity sha512-riHpLb1drNkpLlocmSyEg4oYJIQFeXAK/d7rI6mbD0XsvoTOOweXDmQPG/ErxsEhWk3rl3Q/3F6RFQlVFS8m0A==
    dependencies:
      "@babel/compat-data" "^7.22.9"
      "@babel/helper-compilation-targets" "^7.22.10"
      "@babel/helper-plugin-utils" "^7.22.5"
      "@babel/helper-validator-option" "^7.22.5"
      "@babel/plugin-bugfix-safari-id-destructuring-collision-in-function-expression" "^7.22.5"
      "@babel/plugin-bugfix-v8-spread-parameters-in-optional-chaining" "^7.22.5"
      "@babel/plugin-proposal-private-property-in-object" "7.21.0-placeholder-for-preset-env.2"
      "@babel/plugin-syntax-async-generators" "^7.8.4"
      "@babel/plugin-syntax-class-properties" "^7.12.13"
      "@babel/plugin-syntax-class-static-block" "^7.14.5"
      "@babel/plugin-syntax-dynamic-import" "^7.8.3"
      "@babel/plugin-syntax-export-namespace-from" "^7.8.3"
      "@babel/plugin-syntax-import-assertions" "^7.22.5"
      "@babel/plugin-syntax-import-attributes" "^7.22.5"
      "@babel/plugin-syntax-import-meta" "^7.10.4"
      "@babel/plugin-syntax-json-strings" "^7.8.3"
      "@babel/plugin-syntax-logical-assignment-operators" "^7.10.4"
      "@babel/plugin-syntax-nullish-coalescing-operator" "^7.8.3"
      "@babel/plugin-syntax-numeric-separator" "^7.10.4"
      "@babel/plugin-syntax-object-rest-spread" "^7.8.3"
      "@babel/plugin-syntax-optional-catch-binding" "^7.8.3"
      "@babel/plugin-syntax-optional-chaining" "^7.8.3"
      "@babel/plugin-syntax-private-property-in-object" "^7.14.5"
      "@babel/plugin-syntax-top-level-await" "^7.14.5"
      "@babel/plugin-syntax-unicode-sets-regex" "^7.18.6"
      "@babel/plugin-transform-arrow-functions" "^7.22.5"
      "@babel/plugin-transform-async-generator-functions" "^7.22.10"
      "@babel/plugin-transform-async-to-generator" "^7.22.5"
      "@babel/plugin-transform-block-scoped-functions" "^7.22.5"
      "@babel/plugin-transform-block-scoping" "^7.22.10"
      "@babel/plugin-transform-class-properties" "^7.22.5"
      "@babel/plugin-transform-class-static-block" "^7.22.5"
      "@babel/plugin-transform-classes" "^7.22.6"
      "@babel/plugin-transform-computed-properties" "^7.22.5"
      "@babel/plugin-transform-destructuring" "^7.22.10"
      "@babel/plugin-transform-dotall-regex" "^7.22.5"
      "@babel/plugin-transform-duplicate-keys" "^7.22.5"
      "@babel/plugin-transform-dynamic-import" "^7.22.5"
      "@babel/plugin-transform-exponentiation-operator" "^7.22.5"
      "@babel/plugin-transform-export-namespace-from" "^7.22.5"
      "@babel/plugin-transform-for-of" "^7.22.5"
      "@babel/plugin-transform-function-name" "^7.22.5"
      "@babel/plugin-transform-json-strings" "^7.22.5"
      "@babel/plugin-transform-literals" "^7.22.5"
      "@babel/plugin-transform-logical-assignment-operators" "^7.22.5"
      "@babel/plugin-transform-member-expression-literals" "^7.22.5"
      "@babel/plugin-transform-modules-amd" "^7.22.5"
      "@babel/plugin-transform-modules-commonjs" "^7.22.5"
      "@babel/plugin-transform-modules-systemjs" "^7.22.5"
      "@babel/plugin-transform-modules-umd" "^7.22.5"
      "@babel/plugin-transform-named-capturing-groups-regex" "^7.22.5"
      "@babel/plugin-transform-new-target" "^7.22.5"
      "@babel/plugin-transform-nullish-coalescing-operator" "^7.22.5"
      "@babel/plugin-transform-numeric-separator" "^7.22.5"
      "@babel/plugin-transform-object-rest-spread" "^7.22.5"
      "@babel/plugin-transform-object-super" "^7.22.5"
      "@babel/plugin-transform-optional-catch-binding" "^7.22.5"
      "@babel/plugin-transform-optional-chaining" "^7.22.10"
      "@babel/plugin-transform-parameters" "^7.22.5"
      "@babel/plugin-transform-private-methods" "^7.22.5"
      "@babel/plugin-transform-private-property-in-object" "^7.22.5"
      "@babel/plugin-transform-property-literals" "^7.22.5"
      "@babel/plugin-transform-regenerator" "^7.22.10"
      "@babel/plugin-transform-reserved-words" "^7.22.5"
      "@babel/plugin-transform-shorthand-properties" "^7.22.5"
      "@babel/plugin-transform-spread" "^7.22.5"
      "@babel/plugin-transform-sticky-regex" "^7.22.5"
      "@babel/plugin-transform-template-literals" "^7.22.5"
      "@babel/plugin-transform-typeof-symbol" "^7.22.5"
      "@babel/plugin-transform-unicode-escapes" "^7.22.10"
      "@babel/plugin-transform-unicode-property-regex" "^7.22.5"
      "@babel/plugin-transform-unicode-regex" "^7.22.5"
      "@babel/plugin-transform-unicode-sets-regex" "^7.22.5"
      "@babel/preset-modules" "0.1.6-no-external-plugins"
      "@babel/types" "^7.22.10"
      babel-plugin-polyfill-corejs2 "^0.4.5"
      babel-plugin-polyfill-corejs3 "^0.8.3"
      babel-plugin-polyfill-regenerator "^0.5.2"
      core-js-compat "^3.31.0"
      semver "^6.3.1"
  
  "@babel/preset-modules@0.1.6-no-external-plugins":
    version "0.1.6-no-external-plugins"
    resolved "https://registry.yarnpkg.com/@babel/preset-modules/-/preset-modules-0.1.6-no-external-plugins.tgz#ccb88a2c49c817236861fee7826080573b8a923a"
    integrity sha512-HrcgcIESLm9aIR842yhJ5RWan/gebQUJ6E/E5+rf0y9o6oj7w0Br+sWuL6kEQ/o/AdfvR1Je9jG18/gnpwjEyA==
    dependencies:
      "@babel/helper-plugin-utils" "^7.0.0"
      "@babel/types" "^7.4.4"
      esutils "^2.0.2"
  
  "@babel/regjsgen@^0.8.0":
    version "0.8.0"
    resolved "https://registry.yarnpkg.com/@babel/regjsgen/-/regjsgen-0.8.0.tgz#f0ba69b075e1f05fb2825b7fad991e7adbb18310"
    integrity sha512-x/rqGMdzj+fWZvCOYForTghzbtqPDZ5gPwaoNGHdgDfF2QA/XZbCBp4Moo5scrkAMPhB7z26XM/AaHuIJdgauA==
  
  "@babel/runtime@^7.1.2", "@babel/runtime@^7.10.1", "@babel/runtime@^7.12.5", "@babel/runtime@^7.15.4", "@babel/runtime@^7.18.3", "@babel/runtime@^7.21.0", "@babel/runtime@^7.5.5", "@babel/runtime@^7.6.2", "@babel/runtime@^7.7.2", "@babel/runtime@^7.8.4":
    version "7.22.10"
    resolved "https://registry.yarnpkg.com/@babel/runtime/-/runtime-7.22.10.tgz#ae3e9631fd947cb7e3610d3e9d8fef5f76696682"
    integrity sha512-21t/fkKLMZI4pqP2wlmsQAWnYW1PDyKyyUV4vCi+B25ydmdaYTKXPwCj0BzSUnZf4seIiYvSA3jcZ3gdsMFkLQ==
    dependencies:
      regenerator-runtime "^0.14.0"
  
  "@babel/template@^7.22.5":
    version "7.22.5"
    resolved "https://registry.yarnpkg.com/@babel/template/-/template-7.22.5.tgz#0c8c4d944509875849bd0344ff0050756eefc6ec"
    integrity sha512-X7yV7eiwAxdj9k94NEylvbVHLiVG1nvzCV2EAowhxLTwODV1jl9UzZ48leOC0sH7OnuHrIkllaBgneUykIcZaw==
    dependencies:
      "@babel/code-frame" "^7.22.5"
      "@babel/parser" "^7.22.5"
      "@babel/types" "^7.22.5"
  
  "@babel/traverse@^7.22.10", "@babel/traverse@^7.4.5":
    version "7.22.10"
    resolved "https://registry.yarnpkg.com/@babel/traverse/-/traverse-7.22.10.tgz#20252acb240e746d27c2e82b4484f199cf8141aa"
    integrity sha512-Q/urqV4pRByiNNpb/f5OSv28ZlGJiFiiTh+GAHktbIrkPhPbl90+uW6SmpoLyZqutrg9AEaEf3Q/ZBRHBXgxig==
    dependencies:
      "@babel/code-frame" "^7.22.10"
      "@babel/generator" "^7.22.10"
      "@babel/helper-environment-visitor" "^7.22.5"
      "@babel/helper-function-name" "^7.22.5"
      "@babel/helper-hoist-variables" "^7.22.5"
      "@babel/helper-split-export-declaration" "^7.22.6"
      "@babel/parser" "^7.22.10"
      "@babel/types" "^7.22.10"
      debug "^4.1.0"
      globals "^11.1.0"
  
  "@babel/types@^7.22.10", "@babel/types@^7.22.5", "@babel/types@^7.4.4":
    version "7.22.10"
    resolved "https://registry.yarnpkg.com/@babel/types/-/types-7.22.10.tgz#4a9e76446048f2c66982d1a989dd12b8a2d2dc03"
    integrity sha512-obaoigiLrlDZ7TUQln/8m4mSqIW2QFeOrCQc9r+xsaHGNoplVNYlRVpsfE8Vj35GEm2ZH4ZhrNYogs/3fj85kg==
    dependencies:
      "@babel/helper-string-parser" "^7.22.5"
      "@babel/helper-validator-identifier" "^7.22.5"
      to-fast-properties "^2.0.0"
  
  "@corex/deepmerge@^4.0.29":
    version "4.0.43"
    resolved "https://registry.yarnpkg.com/@corex/deepmerge/-/deepmerge-4.0.43.tgz#9bd42559ebb41cc5a7fb7cfeea5f231c20977dca"
    integrity sha512-N8uEMrMPL0cu/bdboEWpQYb/0i2K5Qn8eCsxzOmxSggJbbQte7ljMRoXm917AbntqTGOzdTu+vP3KOOzoC70HQ==
  
  "@emotion/is-prop-valid@^0.8.2":
    version "0.8.8"
    resolved "https://registry.yarnpkg.com/@emotion/is-prop-valid/-/is-prop-valid-0.8.8.tgz#db28b1c4368a259b60a97311d6a952d4fd01ac1a"
    integrity sha512-u5WtneEAr5IDG2Wv65yhunPSMLIpuKsbuOktRojfrEiEvRyC85LgPMZI63cr7NUqT8ZIGdSVg8ZKGxIug4lXcA==
    dependencies:
      "@emotion/memoize" "0.7.4"
  
  "@emotion/is-prop-valid@^1.1.0":
    version "1.2.1"
    resolved "https://registry.yarnpkg.com/@emotion/is-prop-valid/-/is-prop-valid-1.2.1.tgz#23116cf1ed18bfeac910ec6436561ecb1a3885cc"
    integrity sha512-61Mf7Ufx4aDxx1xlDeOm8aFFigGHE4z+0sKCa+IHCeZKiyP9RLD0Mmx7m8b9/Cf37f7NAvQOOJAbQQGVr5uERw==
    dependencies:
      "@emotion/memoize" "^0.8.1"
  
  "@emotion/memoize@0.7.4":
    version "0.7.4"
    resolved "https://registry.yarnpkg.com/@emotion/memoize/-/memoize-0.7.4.tgz#19bf0f5af19149111c40d98bb0cf82119f5d9eeb"
    integrity sha512-Ja/Vfqe3HpuzRsG1oBtWTHk2PGZ7GR+2Vz5iYGelAw8dx32K0y7PjVuxK6z1nMpZOqAFsRUPCkK1YjJ56qJlgw==
  
  "@emotion/memoize@^0.8.1":
    version "0.8.1"
    resolved "https://registry.yarnpkg.com/@emotion/memoize/-/memoize-0.8.1.tgz#c1ddb040429c6d21d38cc945fe75c818cfb68e17"
    integrity sha512-W2P2c/VRW1/1tLox0mVUalvnWXxavmv/Oum2aPsRcoDJuob75FC3Y8FbpfLwUegRcxINtGUMPq0tFCvYNTBXNA==
  
  "@emotion/stylis@^0.8.4":
    version "0.8.5"
    resolved "https://registry.yarnpkg.com/@emotion/stylis/-/stylis-0.8.5.tgz#deacb389bd6ee77d1e7fcaccce9e16c5c7e78e04"
    integrity sha512-h6KtPihKFn3T9fuIrwvXXUOwlx3rfUvfZIcP5a6rh8Y7zjE3O06hT5Ss4S/YI1AYhuZ1kjaE/5EaOOI2NqSylQ==
  
  "@emotion/unitless@^0.7.4":
    version "0.7.5"
    resolved "https://registry.yarnpkg.com/@emotion/unitless/-/unitless-0.7.5.tgz#77211291c1900a700b8a78cfafda3160d76949ed"
    integrity sha512-OWORNpfjMsSSUBVrRBVGECkhWcULOAJz9ZW8uK9qgxD+87M7jHRcvh/A96XXNhXTLmKcoYSQtBEX7lHMO7YRwg==
  
  "@ethersproject/abi@5.7.0", "@ethersproject/abi@^5.7.0":
    version "5.7.0"
    resolved "https://registry.yarnpkg.com/@ethersproject/abi/-/abi-5.7.0.tgz#b3f3e045bbbeed1af3947335c247ad625a44e449"
    integrity sha512-351ktp42TiRcYB3H1OP8yajPeAQstMW/yCFokj/AthP9bLHzQFPlOrxOcwYEDkUAICmOHljvN4K39OMTMUa9RA==
    dependencies:
      "@ethersproject/address" "^5.7.0"
      "@ethersproject/bignumber" "^5.7.0"
      "@ethersproject/bytes" "^5.7.0"
      "@ethersproject/constants" "^5.7.0"
      "@ethersproject/hash" "^5.7.0"
      "@ethersproject/keccak256" "^5.7.0"
      "@ethersproject/logger" "^5.7.0"
      "@ethersproject/properties" "^5.7.0"
      "@ethersproject/strings" "^5.7.0"
  
  "@ethersproject/abstract-provider@5.7.0", "@ethersproject/abstract-provider@^5.7.0":
    version "5.7.0"
    resolved "https://registry.yarnpkg.com/@ethersproject/abstract-provider/-/abstract-provider-5.7.0.tgz#b0a8550f88b6bf9d51f90e4795d48294630cb9ef"
    integrity sha512-R41c9UkchKCpAqStMYUpdunjo3pkEvZC3FAwZn5S5MGbXoMQOHIdHItezTETxAO5bevtMApSyEhn9+CHcDsWBw==
    dependencies:
      "@ethersproject/bignumber" "^5.7.0"
      "@ethersproject/bytes" "^5.7.0"
      "@ethersproject/logger" "^5.7.0"
      "@ethersproject/networks" "^5.7.0"
      "@ethersproject/properties" "^5.7.0"
      "@ethersproject/transactions" "^5.7.0"
      "@ethersproject/web" "^5.7.0"
  
  "@ethersproject/abstract-signer@5.7.0", "@ethersproject/abstract-signer@^5.7.0":
    version "5.7.0"
    resolved "https://registry.yarnpkg.com/@ethersproject/abstract-signer/-/abstract-signer-5.7.0.tgz#13f4f32117868452191a4649723cb086d2b596b2"
    integrity sha512-a16V8bq1/Cz+TGCkE2OPMTOUDLS3grCpdjoJCYNnVBbdYEMSgKrU0+B90s8b6H+ByYTBZN7a3g76jdIJi7UfKQ==
    dependencies:
      "@ethersproject/abstract-provider" "^5.7.0"
      "@ethersproject/bignumber" "^5.7.0"
      "@ethersproject/bytes" "^5.7.0"
      "@ethersproject/logger" "^5.7.0"
      "@ethersproject/properties" "^5.7.0"
  
  "@ethersproject/address@5.7.0", "@ethersproject/address@^5.7.0":
    version "5.7.0"
    resolved "https://registry.yarnpkg.com/@ethersproject/address/-/address-5.7.0.tgz#19b56c4d74a3b0a46bfdbb6cfcc0a153fc697f37"
    integrity sha512-9wYhYt7aghVGo758POM5nqcOMaE168Q6aRLJZwUmiqSrAungkG74gSSeKEIR7ukixesdRZGPgVqme6vmxs1fkA==
    dependencies:
      "@ethersproject/bignumber" "^5.7.0"
      "@ethersproject/bytes" "^5.7.0"
      "@ethersproject/keccak256" "^5.7.0"
      "@ethersproject/logger" "^5.7.0"
      "@ethersproject/rlp" "^5.7.0"
  
  "@ethersproject/base64@5.7.0", "@ethersproject/base64@^5.7.0":
    version "5.7.0"
    resolved "https://registry.yarnpkg.com/@ethersproject/base64/-/base64-5.7.0.tgz#ac4ee92aa36c1628173e221d0d01f53692059e1c"
    integrity sha512-Dr8tcHt2mEbsZr/mwTPIQAf3Ai0Bks/7gTw9dSqk1mQvhW3XvRlmDJr/4n+wg1JmCl16NZue17CDh8xb/vZ0sQ==
    dependencies:
      "@ethersproject/bytes" "^5.7.0"
  
  "@ethersproject/basex@5.7.0", "@ethersproject/basex@^5.7.0":
    version "5.7.0"
    resolved "https://registry.yarnpkg.com/@ethersproject/basex/-/basex-5.7.0.tgz#97034dc7e8938a8ca943ab20f8a5e492ece4020b"
    integrity sha512-ywlh43GwZLv2Voc2gQVTKBoVQ1mti3d8HK5aMxsfu/nRDnMmNqaSJ3r3n85HBByT8OpoY96SXM1FogC533T4zw==
    dependencies:
      "@ethersproject/bytes" "^5.7.0"
      "@ethersproject/properties" "^5.7.0"
  
  "@ethersproject/bignumber@5.7.0", "@ethersproject/bignumber@^5.7.0":
    version "5.7.0"
    resolved "https://registry.yarnpkg.com/@ethersproject/bignumber/-/bignumber-5.7.0.tgz#e2f03837f268ba655ffba03a57853e18a18dc9c2"
    integrity sha512-n1CAdIHRWjSucQO3MC1zPSVgV/6dy/fjL9pMrPP9peL+QxEg9wOsVqwD4+818B6LUEtaXzVHQiuivzRoxPxUGw==
    dependencies:
      "@ethersproject/bytes" "^5.7.0"
      "@ethersproject/logger" "^5.7.0"
      bn.js "^5.2.1"
  
  "@ethersproject/bytes@5.7.0", "@ethersproject/bytes@^5.7.0":
    version "5.7.0"
    resolved "https://registry.yarnpkg.com/@ethersproject/bytes/-/bytes-5.7.0.tgz#a00f6ea8d7e7534d6d87f47188af1148d71f155d"
    integrity sha512-nsbxwgFXWh9NyYWo+U8atvmMsSdKJprTcICAkvbBffT75qDocbuggBU0SJiVK2MuTrp0q+xvLkTnGMPK1+uA9A==
    dependencies:
      "@ethersproject/logger" "^5.7.0"
  
  "@ethersproject/constants@5.7.0", "@ethersproject/constants@^5.7.0":
    version "5.7.0"
    resolved "https://registry.yarnpkg.com/@ethersproject/constants/-/constants-5.7.0.tgz#df80a9705a7e08984161f09014ea012d1c75295e"
    integrity sha512-DHI+y5dBNvkpYUMiRQyxRBYBefZkJfo70VUkUAsRjcPs47muV9evftfZ0PJVCXYbAiCgght0DtcF9srFQmIgWA==
    dependencies:
      "@ethersproject/bignumber" "^5.7.0"
  
  "@ethersproject/contracts@5.7.0":
    version "5.7.0"
    resolved "https://registry.yarnpkg.com/@ethersproject/contracts/-/contracts-5.7.0.tgz#c305e775abd07e48aa590e1a877ed5c316f8bd1e"
    integrity sha512-5GJbzEU3X+d33CdfPhcyS+z8MzsTrBGk/sc+G+59+tPa9yFkl6HQ9D6L0QMgNTA9q8dT0XKxxkyp883XsQvbbg==
    dependencies:
      "@ethersproject/abi" "^5.7.0"
      "@ethersproject/abstract-provider" "^5.7.0"
      "@ethersproject/abstract-signer" "^5.7.0"
      "@ethersproject/address" "^5.7.0"
      "@ethersproject/bignumber" "^5.7.0"
      "@ethersproject/bytes" "^5.7.0"
      "@ethersproject/constants" "^5.7.0"
      "@ethersproject/logger" "^5.7.0"
      "@ethersproject/properties" "^5.7.0"
      "@ethersproject/transactions" "^5.7.0"
  
  "@ethersproject/hash@5.7.0", "@ethersproject/hash@^5.7.0":
    version "5.7.0"
    resolved "https://registry.yarnpkg.com/@ethersproject/hash/-/hash-5.7.0.tgz#eb7aca84a588508369562e16e514b539ba5240a7"
    integrity sha512-qX5WrQfnah1EFnO5zJv1v46a8HW0+E5xuBBDTwMFZLuVTx0tbU2kkx15NqdjxecrLGatQN9FGQKpb1FKdHCt+g==
    dependencies:
      "@ethersproject/abstract-signer" "^5.7.0"
      "@ethersproject/address" "^5.7.0"
      "@ethersproject/base64" "^5.7.0"
      "@ethersproject/bignumber" "^5.7.0"
      "@ethersproject/bytes" "^5.7.0"
      "@ethersproject/keccak256" "^5.7.0"
      "@ethersproject/logger" "^5.7.0"
      "@ethersproject/properties" "^5.7.0"
      "@ethersproject/strings" "^5.7.0"
  
  "@ethersproject/hdnode@5.7.0", "@ethersproject/hdnode@^5.7.0":
    version "5.7.0"
    resolved "https://registry.yarnpkg.com/@ethersproject/hdnode/-/hdnode-5.7.0.tgz#e627ddc6b466bc77aebf1a6b9e47405ca5aef9cf"
    integrity sha512-OmyYo9EENBPPf4ERhR7oj6uAtUAhYGqOnIS+jE5pTXvdKBS99ikzq1E7Iv0ZQZ5V36Lqx1qZLeak0Ra16qpeOg==
    dependencies:
      "@ethersproject/abstract-signer" "^5.7.0"
      "@ethersproject/basex" "^5.7.0"
      "@ethersproject/bignumber" "^5.7.0"
      "@ethersproject/bytes" "^5.7.0"
      "@ethersproject/logger" "^5.7.0"
      "@ethersproject/pbkdf2" "^5.7.0"
      "@ethersproject/properties" "^5.7.0"
      "@ethersproject/sha2" "^5.7.0"
      "@ethersproject/signing-key" "^5.7.0"
      "@ethersproject/strings" "^5.7.0"
      "@ethersproject/transactions" "^5.7.0"
      "@ethersproject/wordlists" "^5.7.0"
  
  "@ethersproject/json-wallets@5.7.0", "@ethersproject/json-wallets@^5.7.0":
    version "5.7.0"
    resolved "https://registry.yarnpkg.com/@ethersproject/json-wallets/-/json-wallets-5.7.0.tgz#5e3355287b548c32b368d91014919ebebddd5360"
    integrity sha512-8oee5Xgu6+RKgJTkvEMl2wDgSPSAQ9MB/3JYjFV9jlKvcYHUXZC+cQp0njgmxdHkYWn8s6/IqIZYm0YWCjO/0g==
    dependencies:
      "@ethersproject/abstract-signer" "^5.7.0"
      "@ethersproject/address" "^5.7.0"
      "@ethersproject/bytes" "^5.7.0"
      "@ethersproject/hdnode" "^5.7.0"
      "@ethersproject/keccak256" "^5.7.0"
      "@ethersproject/logger" "^5.7.0"
      "@ethersproject/pbkdf2" "^5.7.0"
      "@ethersproject/properties" "^5.7.0"
      "@ethersproject/random" "^5.7.0"
      "@ethersproject/strings" "^5.7.0"
      "@ethersproject/transactions" "^5.7.0"
      aes-js "3.0.0"
      scrypt-js "3.0.1"
  
  "@ethersproject/keccak256@5.7.0", "@ethersproject/keccak256@^5.7.0":
    version "5.7.0"
    resolved "https://registry.yarnpkg.com/@ethersproject/keccak256/-/keccak256-5.7.0.tgz#3186350c6e1cd6aba7940384ec7d6d9db01f335a"
    integrity sha512-2UcPboeL/iW+pSg6vZ6ydF8tCnv3Iu/8tUmLLzWWGzxWKFFqOBQFLo6uLUv6BDrLgCDfN28RJ/wtByx+jZ4KBg==
    dependencies:
      "@ethersproject/bytes" "^5.7.0"
      js-sha3 "0.8.0"
  
  "@ethersproject/logger@5.7.0", "@ethersproject/logger@^5.7.0":
    version "5.7.0"
    resolved "https://registry.yarnpkg.com/@ethersproject/logger/-/logger-5.7.0.tgz#6ce9ae168e74fecf287be17062b590852c311892"
    integrity sha512-0odtFdXu/XHtjQXJYA3u9G0G8btm0ND5Cu8M7i5vhEcE8/HmF4Lbdqanwyv4uQTr2tx6b7fQRmgLrsnpQlmnig==
  
  "@ethersproject/networks@5.7.1", "@ethersproject/networks@^5.7.0":
    version "5.7.1"
    resolved "https://registry.yarnpkg.com/@ethersproject/networks/-/networks-5.7.1.tgz#118e1a981d757d45ccea6bb58d9fd3d9db14ead6"
    integrity sha512-n/MufjFYv3yFcUyfhnXotyDlNdFb7onmkSy8aQERi2PjNcnWQ66xXxa3XlS8nCcA8aJKJjIIMNJTC7tu80GwpQ==
    dependencies:
      "@ethersproject/logger" "^5.7.0"
  
  "@ethersproject/pbkdf2@5.7.0", "@ethersproject/pbkdf2@^5.7.0":
    version "5.7.0"
    resolved "https://registry.yarnpkg.com/@ethersproject/pbkdf2/-/pbkdf2-5.7.0.tgz#d2267d0a1f6e123f3771007338c47cccd83d3102"
    integrity sha512-oR/dBRZR6GTyaofd86DehG72hY6NpAjhabkhxgr3X2FpJtJuodEl2auADWBZfhDHgVCbu3/H/Ocq2uC6dpNjjw==
    dependencies:
      "@ethersproject/bytes" "^5.7.0"
      "@ethersproject/sha2" "^5.7.0"
  
  "@ethersproject/properties@5.7.0", "@ethersproject/properties@^5.7.0":
    version "5.7.0"
    resolved "https://registry.yarnpkg.com/@ethersproject/properties/-/properties-5.7.0.tgz#a6e12cb0439b878aaf470f1902a176033067ed30"
    integrity sha512-J87jy8suntrAkIZtecpxEPxY//szqr1mlBaYlQ0r4RCaiD2hjheqF9s1LVE8vVuJCXisjIP+JgtK/Do54ej4Sw==
    dependencies:
      "@ethersproject/logger" "^5.7.0"
  
  "@ethersproject/providers@5.7.2":
    version "5.7.2"
    resolved "https://registry.yarnpkg.com/@ethersproject/providers/-/providers-5.7.2.tgz#f8b1a4f275d7ce58cf0a2eec222269a08beb18cb"
    integrity sha512-g34EWZ1WWAVgr4aptGlVBF8mhl3VWjv+8hoAnzStu8Ah22VHBsuGzP17eb6xDVRzw895G4W7vvx60lFFur/1Rg==
    dependencies:
      "@ethersproject/abstract-provider" "^5.7.0"
      "@ethersproject/abstract-signer" "^5.7.0"
      "@ethersproject/address" "^5.7.0"
      "@ethersproject/base64" "^5.7.0"
      "@ethersproject/basex" "^5.7.0"
      "@ethersproject/bignumber" "^5.7.0"
      "@ethersproject/bytes" "^5.7.0"
      "@ethersproject/constants" "^5.7.0"
      "@ethersproject/hash" "^5.7.0"
      "@ethersproject/logger" "^5.7.0"
      "@ethersproject/networks" "^5.7.0"
      "@ethersproject/properties" "^5.7.0"
      "@ethersproject/random" "^5.7.0"
      "@ethersproject/rlp" "^5.7.0"
      "@ethersproject/sha2" "^5.7.0"
      "@ethersproject/strings" "^5.7.0"
      "@ethersproject/transactions" "^5.7.0"
      "@ethersproject/web" "^5.7.0"
      bech32 "1.1.4"
      ws "7.4.6"
  
  "@ethersproject/random@5.7.0", "@ethersproject/random@^5.7.0":
    version "5.7.0"
    resolved "https://registry.yarnpkg.com/@ethersproject/random/-/random-5.7.0.tgz#af19dcbc2484aae078bb03656ec05df66253280c"
    integrity sha512-19WjScqRA8IIeWclFme75VMXSBvi4e6InrUNuaR4s5pTF2qNhcGdCUwdxUVGtDDqC00sDLCO93jPQoDUH4HVmQ==
    dependencies:
      "@ethersproject/bytes" "^5.7.0"
      "@ethersproject/logger" "^5.7.0"
  
  "@ethersproject/rlp@5.7.0", "@ethersproject/rlp@^5.7.0":
    version "5.7.0"
    resolved "https://registry.yarnpkg.com/@ethersproject/rlp/-/rlp-5.7.0.tgz#de39e4d5918b9d74d46de93af80b7685a9c21304"
    integrity sha512-rBxzX2vK8mVF7b0Tol44t5Tb8gomOHkj5guL+HhzQ1yBh/ydjGnpw6at+X6Iw0Kp3OzzzkcKp8N9r0W4kYSs9w==
    dependencies:
      "@ethersproject/bytes" "^5.7.0"
      "@ethersproject/logger" "^5.7.0"
  
  "@ethersproject/sha2@5.7.0", "@ethersproject/sha2@^5.7.0":
    version "5.7.0"
    resolved "https://registry.yarnpkg.com/@ethersproject/sha2/-/sha2-5.7.0.tgz#9a5f7a7824ef784f7f7680984e593a800480c9fb"
    integrity sha512-gKlH42riwb3KYp0reLsFTokByAKoJdgFCwI+CCiX/k+Jm2mbNs6oOaCjYQSlI1+XBVejwH2KrmCbMAT/GnRDQw==
    dependencies:
      "@ethersproject/bytes" "^5.7.0"
      "@ethersproject/logger" "^5.7.0"
      hash.js "1.1.7"
  
  "@ethersproject/signing-key@5.7.0", "@ethersproject/signing-key@^5.7.0":
    version "5.7.0"
    resolved "https://registry.yarnpkg.com/@ethersproject/signing-key/-/signing-key-5.7.0.tgz#06b2df39411b00bc57c7c09b01d1e41cf1b16ab3"
    integrity sha512-MZdy2nL3wO0u7gkB4nA/pEf8lu1TlFswPNmy8AiYkfKTdO6eXBJyUdmHO/ehm/htHw9K/qF8ujnTyUAD+Ry54Q==
    dependencies:
      "@ethersproject/bytes" "^5.7.0"
      "@ethersproject/logger" "^5.7.0"
      "@ethersproject/properties" "^5.7.0"
      bn.js "^5.2.1"
      elliptic "6.5.4"
      hash.js "1.1.7"
  
  "@ethersproject/solidity@5.7.0":
    version "5.7.0"
    resolved "https://registry.yarnpkg.com/@ethersproject/solidity/-/solidity-5.7.0.tgz#5e9c911d8a2acce2a5ebb48a5e2e0af20b631cb8"
    integrity sha512-HmabMd2Dt/raavyaGukF4XxizWKhKQ24DoLtdNbBmNKUOPqwjsKQSdV9GQtj9CBEea9DlzETlVER1gYeXXBGaA==
    dependencies:
      "@ethersproject/bignumber" "^5.7.0"
      "@ethersproject/bytes" "^5.7.0"
      "@ethersproject/keccak256" "^5.7.0"
      "@ethersproject/logger" "^5.7.0"
      "@ethersproject/sha2" "^5.7.0"
      "@ethersproject/strings" "^5.7.0"
  
  "@ethersproject/strings@5.7.0", "@ethersproject/strings@^5.7.0":
    version "5.7.0"
    resolved "https://registry.yarnpkg.com/@ethersproject/strings/-/strings-5.7.0.tgz#54c9d2a7c57ae8f1205c88a9d3a56471e14d5ed2"
    integrity sha512-/9nu+lj0YswRNSH0NXYqrh8775XNyEdUQAuf3f+SmOrnVewcJ5SBNAjF7lpgehKi4abvNNXyf+HX86czCdJ8Mg==
    dependencies:
      "@ethersproject/bytes" "^5.7.0"
      "@ethersproject/constants" "^5.7.0"
      "@ethersproject/logger" "^5.7.0"
  
  "@ethersproject/transactions@5.7.0", "@ethersproject/transactions@^5.7.0":
    version "5.7.0"
    resolved "https://registry.yarnpkg.com/@ethersproject/transactions/-/transactions-5.7.0.tgz#91318fc24063e057885a6af13fdb703e1f993d3b"
    integrity sha512-kmcNicCp1lp8qanMTC3RIikGgoJ80ztTyvtsFvCYpSCfkjhD0jZ2LOrnbcuxuToLIUYYf+4XwD1rP+B/erDIhQ==
    dependencies:
      "@ethersproject/address" "^5.7.0"
      "@ethersproject/bignumber" "^5.7.0"
      "@ethersproject/bytes" "^5.7.0"
      "@ethersproject/constants" "^5.7.0"
      "@ethersproject/keccak256" "^5.7.0"
      "@ethersproject/logger" "^5.7.0"
      "@ethersproject/properties" "^5.7.0"
      "@ethersproject/rlp" "^5.7.0"
      "@ethersproject/signing-key" "^5.7.0"
  
  "@ethersproject/units@5.7.0":
    version "5.7.0"
    resolved "https://registry.yarnpkg.com/@ethersproject/units/-/units-5.7.0.tgz#637b563d7e14f42deeee39245275d477aae1d8b1"
    integrity sha512-pD3xLMy3SJu9kG5xDGI7+xhTEmGXlEqXU4OfNapmfnxLVY4EMSSRp7j1k7eezutBPH7RBN/7QPnwR7hzNlEFeg==
    dependencies:
      "@ethersproject/bignumber" "^5.7.0"
      "@ethersproject/constants" "^5.7.0"
      "@ethersproject/logger" "^5.7.0"
  
  "@ethersproject/wallet@5.7.0":
    version "5.7.0"
    resolved "https://registry.yarnpkg.com/@ethersproject/wallet/-/wallet-5.7.0.tgz#4e5d0790d96fe21d61d38fb40324e6c7ef350b2d"
    integrity sha512-MhmXlJXEJFBFVKrDLB4ZdDzxcBxQ3rLyCkhNqVu3CDYvR97E+8r01UgrI+TI99Le+aYm/in/0vp86guJuM7FCA==
    dependencies:
      "@ethersproject/abstract-provider" "^5.7.0"
      "@ethersproject/abstract-signer" "^5.7.0"
      "@ethersproject/address" "^5.7.0"
      "@ethersproject/bignumber" "^5.7.0"
      "@ethersproject/bytes" "^5.7.0"
      "@ethersproject/hash" "^5.7.0"
      "@ethersproject/hdnode" "^5.7.0"
      "@ethersproject/json-wallets" "^5.7.0"
      "@ethersproject/keccak256" "^5.7.0"
      "@ethersproject/logger" "^5.7.0"
      "@ethersproject/properties" "^5.7.0"
      "@ethersproject/random" "^5.7.0"
      "@ethersproject/signing-key" "^5.7.0"
      "@ethersproject/transactions" "^5.7.0"
      "@ethersproject/wordlists" "^5.7.0"
  
  "@ethersproject/web@5.7.1", "@ethersproject/web@^5.7.0":
    version "5.7.1"
    resolved "https://registry.yarnpkg.com/@ethersproject/web/-/web-5.7.1.tgz#de1f285b373149bee5928f4eb7bcb87ee5fbb4ae"
    integrity sha512-Gueu8lSvyjBWL4cYsWsjh6MtMwM0+H4HvqFPZfB6dV8ctbP9zFAO73VG1cMWae0FLPCtz0peKPpZY8/ugJJX2w==
    dependencies:
      "@ethersproject/base64" "^5.7.0"
      "@ethersproject/bytes" "^5.7.0"
      "@ethersproject/logger" "^5.7.0"
      "@ethersproject/properties" "^5.7.0"
      "@ethersproject/strings" "^5.7.0"
  
  "@ethersproject/wordlists@5.7.0", "@ethersproject/wordlists@^5.7.0":
    version "5.7.0"
    resolved "https://registry.yarnpkg.com/@ethersproject/wordlists/-/wordlists-5.7.0.tgz#8fb2c07185d68c3e09eb3bfd6e779ba2774627f5"
    integrity sha512-S2TFNJNfHWVHNE6cNDjbVlZ6MgE17MIxMbMg2zv3wn+3XSJGosL1m9ZVv3GXCf/2ymSsQ+hRI5IzoMJTG6aoVA==
    dependencies:
      "@ethersproject/bytes" "^5.7.0"
      "@ethersproject/hash" "^5.7.0"
      "@ethersproject/logger" "^5.7.0"
      "@ethersproject/properties" "^5.7.0"
      "@ethersproject/strings" "^5.7.0"
  
  "@evanhahn/lottie-web-light@5.8.1":
    version "5.8.1"
    resolved "https://registry.yarnpkg.com/@evanhahn/lottie-web-light/-/lottie-web-light-5.8.1.tgz#9154f9301479ec16745da925d44bd721efa04cbb"
    integrity sha512-U0G1tt3/UEYnyCNNslWPi1dB7X1xQ9aoSip+B3GTKO/Bns8yz/p39vBkRSN9d25nkbHuCsbjky2coQftj5YVKw==
  
  "@hapi/address@2.x.x":
    version "2.1.4"
    resolved "https://registry.yarnpkg.com/@hapi/address/-/address-2.1.4.tgz#5d67ed43f3fd41a69d4b9ff7b56e7c0d1d0a81e5"
    integrity sha512-QD1PhQk+s31P1ixsX0H0Suoupp3VMXzIVMSwobR3F3MSUO2YCV0B7xqLcUw/Bh8yuvd3LhpyqLQWTNcRmp6IdQ==
  
  "@hapi/bourne@1.x.x":
    version "1.3.2"
    resolved "https://registry.yarnpkg.com/@hapi/bourne/-/bourne-1.3.2.tgz#0a7095adea067243ce3283e1b56b8a8f453b242a"
    integrity sha512-1dVNHT76Uu5N3eJNTYcvxee+jzX4Z9lfciqRRHCU27ihbUcYi+iSc2iml5Ke1LXe1SyJCLA0+14Jh4tXJgOppA==
  
  "@hapi/hoek@8.x.x", "@hapi/hoek@^8.3.0":
    version "8.5.1"
    resolved "https://registry.yarnpkg.com/@hapi/hoek/-/hoek-8.5.1.tgz#fde96064ca446dec8c55a8c2f130957b070c6e06"
    integrity sha512-yN7kbciD87WzLGc5539Tn0sApjyiGHAJgKvG9W8C7O+6c7qmoQMfVs0W4bX17eqz6C78QJqqFrtgdK5EWf6Qow==
  
  "@hapi/joi@^15.1.0":
    version "15.1.1"
    resolved "https://registry.yarnpkg.com/@hapi/joi/-/joi-15.1.1.tgz#c675b8a71296f02833f8d6d243b34c57b8ce19d7"
    integrity sha512-entf8ZMOK8sc+8YfeOlM8pCfg3b5+WZIKBfUaaJT8UsjAAPjartzxIYm3TIbjvA4u+u++KbcXD38k682nVHDAQ==
    dependencies:
      "@hapi/address" "2.x.x"
      "@hapi/bourne" "1.x.x"
      "@hapi/hoek" "8.x.x"
      "@hapi/topo" "3.x.x"
  
  "@hapi/topo@3.x.x":
    version "3.1.6"
    resolved "https://registry.yarnpkg.com/@hapi/topo/-/topo-3.1.6.tgz#68d935fa3eae7fdd5ab0d7f953f3205d8b2bfc29"
    integrity sha512-tAag0jEcjwH+P2quUfipd7liWCNX2F8NvYjQp2wtInsZxnMlypdw0FtAOLxtvvkO+GSRRbmNi8m/5y42PQJYCQ==
    dependencies:
      "@hapi/hoek" "^8.3.0"
  
  "@headlessui/react@^1.7.2":
    version "1.7.17"
    resolved "https://registry.yarnpkg.com/@headlessui/react/-/react-1.7.17.tgz#a0ec23af21b527c030967245fd99776aa7352bc6"
    integrity sha512-4am+tzvkqDSSgiwrsEpGWqgGo9dz8qU5M3znCkC4PgkpY4HcCZzEDEvozltGGGHIKl9jbXbZPSH5TWn4sWJdow==
    dependencies:
      client-only "^0.0.1"
  
  "@hookform/resolvers@^2.9.8":
    version "2.9.11"
    resolved "https://registry.yarnpkg.com/@hookform/resolvers/-/resolvers-2.9.11.tgz#9ce96e7746625a89239f68ca57c4f654264c17ef"
    integrity sha512-bA3aZ79UgcHj7tFV7RlgThzwSSHZgvfbt2wprldRkYBcMopdMvHyO17Wwp/twcJasNFischFfS7oz8Katz8DdQ==
  
  "@jridgewell/gen-mapping@^0.3.0", "@jridgewell/gen-mapping@^0.3.2":
    version "0.3.3"
    resolved "https://registry.yarnpkg.com/@jridgewell/gen-mapping/-/gen-mapping-0.3.3.tgz#7e02e6eb5df901aaedb08514203b096614024098"
    integrity sha512-HLhSWOLRi875zjjMG/r+Nv0oCW8umGb0BgEhyX3dDX3egwZtB8PqLnjz3yedt8R5StBrzcg4aBpnh8UA9D1BoQ==
    dependencies:
      "@jridgewell/set-array" "^1.0.1"
      "@jridgewell/sourcemap-codec" "^1.4.10"
      "@jridgewell/trace-mapping" "^0.3.9"
  
  "@jridgewell/resolve-uri@^3.1.0":
    version "3.1.1"
    resolved "https://registry.yarnpkg.com/@jridgewell/resolve-uri/-/resolve-uri-3.1.1.tgz#c08679063f279615a3326583ba3a90d1d82cc721"
    integrity sha512-dSYZh7HhCDtCKm4QakX0xFpsRDqjjtZf/kjI/v3T3Nwt5r8/qz/M19F9ySyOqU94SXBmeG9ttTul+YnR4LOxFA==
  
  "@jridgewell/set-array@^1.0.1":
    version "1.1.2"
    resolved "https://registry.yarnpkg.com/@jridgewell/set-array/-/set-array-1.1.2.tgz#7c6cf998d6d20b914c0a55a91ae928ff25965e72"
    integrity sha512-xnkseuNADM0gt2bs+BvhO0p78Mk762YnZdsuzFV018NoG1Sj1SCQvpSqa7XUaTam5vAGasABV9qXASMKnFMwMw==
  
  "@jridgewell/sourcemap-codec@^1.4.10", "@jridgewell/sourcemap-codec@^1.4.14":
    version "1.4.15"
    resolved "https://registry.yarnpkg.com/@jridgewell/sourcemap-codec/-/sourcemap-codec-1.4.15.tgz#d7c6e6755c78567a951e04ab52ef0fd26de59f32"
    integrity sha512-eF2rxCRulEKXHTRiDrDy6erMYWqNw4LPdQ8UQA4huuxaQsVeRPFl2oM8oDGxMFhJUWZf9McpLtJasDDZb/Bpeg==
  
  "@jridgewell/trace-mapping@^0.3.17", "@jridgewell/trace-mapping@^0.3.9":
    version "0.3.19"
    resolved "https://registry.yarnpkg.com/@jridgewell/trace-mapping/-/trace-mapping-0.3.19.tgz#f8a3249862f91be48d3127c3cfe992f79b4b8811"
    integrity sha512-kf37QtfW+Hwx/buWGMPcR60iF9ziHa6r/CZJIHbmcm4+0qrXiVdxegAH0F6yddEVQ7zdkjcGCgCzUu+BcbhQxw==
    dependencies:
      "@jridgewell/resolve-uri" "^3.1.0"
      "@jridgewell/sourcemap-codec" "^1.4.14"
  
  "@motionone/animation@^10.15.1":
    version "10.15.1"
    resolved "https://registry.yarnpkg.com/@motionone/animation/-/animation-10.15.1.tgz#4a85596c31cbc5100ae8eb8b34c459fb0ccf6807"
    integrity sha512-mZcJxLjHor+bhcPuIFErMDNyrdb2vJur8lSfMCsuCB4UyV8ILZLvK+t+pg56erv8ud9xQGK/1OGPt10agPrCyQ==
    dependencies:
      "@motionone/easing" "^10.15.1"
      "@motionone/types" "^10.15.1"
      "@motionone/utils" "^10.15.1"
      tslib "^2.3.1"
  
  "@motionone/dom@^10.15.3":
    version "10.16.2"
    resolved "https://registry.yarnpkg.com/@motionone/dom/-/dom-10.16.2.tgz#0c44df8ee3d1cfc50ee11d27050b27824355a61a"
    integrity sha512-bnuHdNbge1FutZXv+k7xub9oPWcF0hsu8y1HTH/qg6av58YI0VufZ3ngfC7p2xhMJMnoh0LXFma2EGTgPeCkeg==
    dependencies:
      "@motionone/animation" "^10.15.1"
      "@motionone/generators" "^10.15.1"
      "@motionone/types" "^10.15.1"
      "@motionone/utils" "^10.15.1"
      hey-listen "^1.0.8"
      tslib "^2.3.1"
  
  "@motionone/easing@^10.15.1":
    version "10.15.1"
    resolved "https://registry.yarnpkg.com/@motionone/easing/-/easing-10.15.1.tgz#95cf3adaef34da6deebb83940d8143ede3deb693"
    integrity sha512-6hIHBSV+ZVehf9dcKZLT7p5PEKHGhDwky2k8RKkmOvUoYP3S+dXsKupyZpqx5apjd9f+php4vXk4LuS+ADsrWw==
    dependencies:
      "@motionone/utils" "^10.15.1"
      tslib "^2.3.1"
  
  "@motionone/generators@^10.15.1":
    version "10.15.1"
    resolved "https://registry.yarnpkg.com/@motionone/generators/-/generators-10.15.1.tgz#dc6abb11139d1bafe758a41c134d4c753a9b871c"
    integrity sha512-67HLsvHJbw6cIbLA/o+gsm7h+6D4Sn7AUrB/GPxvujse1cGZ38F5H7DzoH7PhX+sjvtDnt2IhFYF2Zp1QTMKWQ==
    dependencies:
      "@motionone/types" "^10.15.1"
      "@motionone/utils" "^10.15.1"
      tslib "^2.3.1"
  
  "@motionone/types@^10.15.1":
    version "10.15.1"
    resolved "https://registry.yarnpkg.com/@motionone/types/-/types-10.15.1.tgz#89441b54285012795cbba8612cbaa0fa420db3eb"
    integrity sha512-iIUd/EgUsRZGrvW0jqdst8st7zKTzS9EsKkP+6c6n4MPZoQHwiHuVtTQLD6Kp0bsBLhNzKIBlHXponn/SDT4hA==
  
  "@motionone/utils@^10.15.1":
    version "10.15.1"
    resolved "https://registry.yarnpkg.com/@motionone/utils/-/utils-10.15.1.tgz#6b5f51bde75be88b5411e084310299050368a438"
    integrity sha512-p0YncgU+iklvYr/Dq4NobTRdAPv9PveRDUXabPEeOjBLSO/1FNB2phNTZxOxpi1/GZwYpAoECEa0Wam+nsmhSw==
    dependencies:
      "@motionone/types" "^10.15.1"
      hey-listen "^1.0.8"
      tslib "^2.3.1"
  
  "@next/env@13.4.19":
    version "13.4.19"
    resolved "https://registry.yarnpkg.com/@next/env/-/env-13.4.19.tgz#46905b4e6f62da825b040343cbc233144e9578d3"
    integrity sha512-FsAT5x0jF2kkhNkKkukhsyYOrRqtSxrEhfliniIq0bwWbuXLgyt3Gv0Ml+b91XwjwArmuP7NxCiGd++GGKdNMQ==
  
  "@next/font@^13.1.1":
    version "13.4.19"
    resolved "https://registry.yarnpkg.com/@next/font/-/font-13.4.19.tgz#2b69aee760a3bbabf54873f80ae6d4b09b35d133"
    integrity sha512-yOuSRYfqksWcaG/sATr1/DEGvvI8gnmAAnQCCZ0+L9p4Pio3/DMu71J56YHh9Hz84LDN4tMVzuux0ssCuM50sA==
  
  "@next/swc-darwin-arm64@13.4.19":
    version "13.4.19"
    resolved "https://registry.yarnpkg.com/@next/swc-darwin-arm64/-/swc-darwin-arm64-13.4.19.tgz#77ad462b5ced4efdc26cb5a0053968d2c7dac1b6"
    integrity sha512-vv1qrjXeGbuF2mOkhkdxMDtv9np7W4mcBtaDnHU+yJG+bBwa6rYsYSCI/9Xm5+TuF5SbZbrWO6G1NfTh1TMjvQ==
  
  "@next/swc-darwin-x64@13.4.19":
    version "13.4.19"
    resolved "https://registry.yarnpkg.com/@next/swc-darwin-x64/-/swc-darwin-x64-13.4.19.tgz#aebe38713a4ce536ee5f2a291673e14b715e633a"
    integrity sha512-jyzO6wwYhx6F+7gD8ddZfuqO4TtpJdw3wyOduR4fxTUCm3aLw7YmHGYNjS0xRSYGAkLpBkH1E0RcelyId6lNsw==
  
  "@next/swc-linux-arm64-gnu@13.4.19":
    version "13.4.19"
    resolved "https://registry.yarnpkg.com/@next/swc-linux-arm64-gnu/-/swc-linux-arm64-gnu-13.4.19.tgz#ec54db65b587939c7b94f9a84800f003a380f5a6"
    integrity sha512-vdlnIlaAEh6H+G6HrKZB9c2zJKnpPVKnA6LBwjwT2BTjxI7e0Hx30+FoWCgi50e+YO49p6oPOtesP9mXDRiiUg==
  
  "@next/swc-linux-arm64-musl@13.4.19":
    version "13.4.19"
    resolved "https://registry.yarnpkg.com/@next/swc-linux-arm64-musl/-/swc-linux-arm64-musl-13.4.19.tgz#1f5e2c1ea6941e7d530d9f185d5d64be04279d86"
    integrity sha512-aU0HkH2XPgxqrbNRBFb3si9Ahu/CpaR5RPmN2s9GiM9qJCiBBlZtRTiEca+DC+xRPyCThTtWYgxjWHgU7ZkyvA==
  
  "@next/swc-linux-x64-gnu@13.4.19":
    version "13.4.19"
    resolved "https://registry.yarnpkg.com/@next/swc-linux-x64-gnu/-/swc-linux-x64-gnu-13.4.19.tgz#96b0882492a2f7ffcce747846d3680730f69f4d1"
    integrity sha512-htwOEagMa/CXNykFFeAHHvMJeqZfNQEoQvHfsA4wgg5QqGNqD5soeCer4oGlCol6NGUxknrQO6VEustcv+Md+g==
  
  "@next/swc-linux-x64-musl@13.4.19":
    version "13.4.19"
    resolved "https://registry.yarnpkg.com/@next/swc-linux-x64-musl/-/swc-linux-x64-musl-13.4.19.tgz#f276b618afa321d2f7b17c81fc83f429fb0fd9d8"
    integrity sha512-4Gj4vvtbK1JH8ApWTT214b3GwUh9EKKQjY41hH/t+u55Knxi/0wesMzwQRhppK6Ddalhu0TEttbiJ+wRcoEj5Q==
  
  "@next/swc-win32-arm64-msvc@13.4.19":
    version "13.4.19"
    resolved "https://registry.yarnpkg.com/@next/swc-win32-arm64-msvc/-/swc-win32-arm64-msvc-13.4.19.tgz#1599ae0d401da5ffca0947823dac577697cce577"
    integrity sha512-bUfDevQK4NsIAHXs3/JNgnvEY+LRyneDN788W2NYiRIIzmILjba7LaQTfihuFawZDhRtkYCv3JDC3B4TwnmRJw==
  
  "@next/swc-win32-ia32-msvc@13.4.19":
    version "13.4.19"
    resolved "https://registry.yarnpkg.com/@next/swc-win32-ia32-msvc/-/swc-win32-ia32-msvc-13.4.19.tgz#55cdd7da90818f03e4da16d976f0cb22045d16fd"
    integrity sha512-Y5kikILFAr81LYIFaw6j/NrOtmiM4Sf3GtOc0pn50ez2GCkr+oejYuKGcwAwq3jiTKuzF6OF4iT2INPoxRycEA==
  
  "@next/swc-win32-x64-msvc@13.4.19":
    version "13.4.19"
    resolved "https://registry.yarnpkg.com/@next/swc-win32-x64-msvc/-/swc-win32-x64-msvc-13.4.19.tgz#648f79c4e09279212ac90d871646ae12d80cdfce"
    integrity sha512-YzA78jBDXMYiINdPdJJwGgPNT3YqBNNGhsthsDoWHL9p24tEJn9ViQf/ZqTbwSpX/RrkPupLfuuTH2sf73JBAw==
  
  "@nodelib/fs.scandir@2.1.5":
    version "2.1.5"
    resolved "https://registry.yarnpkg.com/@nodelib/fs.scandir/-/fs.scandir-2.1.5.tgz#7619c2eb21b25483f6d167548b4cfd5a7488c3d5"
    integrity sha512-vq24Bq3ym5HEQm2NKCr3yXDwjc7vTsEThRDnkp2DK9p1uqLR+DHurm/NOTo0KG7HYHU7eppKZj3MyqYuMBf62g==
    dependencies:
      "@nodelib/fs.stat" "2.0.5"
      run-parallel "^1.1.9"
  
  "@nodelib/fs.stat@2.0.5", "@nodelib/fs.stat@^2.0.2":
    version "2.0.5"
    resolved "https://registry.yarnpkg.com/@nodelib/fs.stat/-/fs.stat-2.0.5.tgz#5bd262af94e9d25bd1e71b05deed44876a222e8b"
    integrity sha512-RkhPPp2zrqDAQA/2jNhnztcPAlv64XdhIp7a7454A5ovI7Bukxgt7MX7udwAu3zg1DcpPU0rz3VV1SeaqvY4+A==
  
  "@nodelib/fs.walk@^1.2.3":
    version "1.2.8"
    resolved "https://registry.yarnpkg.com/@nodelib/fs.walk/-/fs.walk-1.2.8.tgz#e95737e8bb6746ddedf69c556953494f196fe69a"
    integrity sha512-oGB+UxlgWcgQkgwo8GcEGwemoTFt3FIO9ababBmaGwXIoBKZ+GTy0pP185beGg7Llih/NSHSV2XAs1lnznocSg==
    dependencies:
      "@nodelib/fs.scandir" "2.1.5"
      fastq "^1.6.0"
  
  "@perawallet/connect@1.1.0":
    version "1.1.0"
    resolved "https://registry.yarnpkg.com/@perawallet/connect/-/connect-1.1.0.tgz#13c6c502fe09fb936452c7032cdaa8bafa226aef"
    integrity sha512-bbXY0GE9MeOz4bf8Hp5P2hc0fIAQdKAEaBXKYl1RfFbAbYwUfTM6AbBRzBvsudZ7Dgz66rVNyQVrZFyRhF4Jxw==
    dependencies:
      "@evanhahn/lottie-web-light" "5.8.1"
      "@walletconnect/client" "^1.8.0"
      "@walletconnect/types" "^1.8.0"
      bowser "2.11.0"
      buffer "^6.0.3"
      qr-code-styling "1.6.0-rc.1"
  
  "@rollup/plugin-node-resolve@^7.1.1":
    version "7.1.3"
    resolved "https://registry.yarnpkg.com/@rollup/plugin-node-resolve/-/plugin-node-resolve-7.1.3.tgz#80de384edfbd7bfc9101164910f86078151a3eca"
    integrity sha512-RxtSL3XmdTAE2byxekYLnx+98kEUOrPHF/KRVjLH+DEIHy6kjIw7YINQzn+NXiH/NTrQLAwYs0GWB+csWygA9Q==
    dependencies:
      "@rollup/pluginutils" "^3.0.8"
      "@types/resolve" "0.0.8"
      builtin-modules "^3.1.0"
      is-module "^1.0.0"
      resolve "^1.14.2"
  
  "@rollup/plugin-replace@^2.3.1":
    version "2.4.2"
    resolved "https://registry.yarnpkg.com/@rollup/plugin-replace/-/plugin-replace-2.4.2.tgz#a2d539314fbc77c244858faa523012825068510a"
    integrity sha512-IGcu+cydlUMZ5En85jxHH4qj2hta/11BHq95iHEyb2sbgiN0eCdzvUcHw5gt9pBL5lTi4JDYJ1acCoMGpTvEZg==
    dependencies:
      "@rollup/pluginutils" "^3.1.0"
      magic-string "^0.25.7"
  
  "@rollup/pluginutils@^3.0.8", "@rollup/pluginutils@^3.1.0":
    version "3.1.0"
    resolved "https://registry.yarnpkg.com/@rollup/pluginutils/-/pluginutils-3.1.0.tgz#706b4524ee6dc8b103b3c995533e5ad680c02b9b"
    integrity sha512-GksZ6pr6TpIjHm8h9lSQ8pi8BE9VeubNT0OMJ3B5uZJ8pz73NPiqOtCog/x2/QzM1ENChPKxMDhiQuRHsqc+lg==
    dependencies:
      "@types/estree" "0.0.39"
      estree-walker "^1.0.1"
      picomatch "^2.2.2"
  
  "@surma/rollup-plugin-off-main-thread@^1.1.1":
    version "1.4.2"
    resolved "https://registry.yarnpkg.com/@surma/rollup-plugin-off-main-thread/-/rollup-plugin-off-main-thread-1.4.2.tgz#e6786b6af5799f82f7ab3a82e53f6182d2b91a58"
    integrity sha512-yBMPqmd1yEJo/280PAMkychuaALyQ9Lkb5q1ck3mjJrFuEobIfhnQ4J3mbvBoISmR3SWMWV+cGB/I0lCQee79A==
    dependencies:
      ejs "^2.6.1"
      magic-string "^0.25.0"
  
  "@swc/helpers@0.5.1":
    version "0.5.1"
    resolved "https://registry.yarnpkg.com/@swc/helpers/-/helpers-0.5.1.tgz#e9031491aa3f26bfcc974a67f48bd456c8a5357a"
    integrity sha512-sJ902EfIzn1Fa+qYmjdQqh8tPsoxyBz+8yBKC2HKUxyezKJFwPGOn7pv4WY6QuQW//ySQi5lJjA/ZT9sNWWNTg==
    dependencies:
      tslib "^2.4.0"
  
  "@tailwindcss/forms@^0.5.3":
    version "0.5.5"
    resolved "https://registry.yarnpkg.com/@tailwindcss/forms/-/forms-0.5.5.tgz#2965ee74159a16b5ef012d5eddae20c9b48aa49c"
    integrity sha512-03sXK1DcPt44GZ0Yg6AcAfQln89IKdbE79g2OwoKqBm1ukaadLO2AH3EiB3mXHeQnxa3tzm7eE0x7INXSjbuug==
    dependencies:
      mini-svg-data-uri "^1.2.3"
  
  "@tailwindcss/typography@^0.5.7":
    version "0.5.9"
    resolved "https://registry.yarnpkg.com/@tailwindcss/typography/-/typography-0.5.9.tgz#027e4b0674929daaf7c921c900beee80dbad93e8"
    integrity sha512-t8Sg3DyynFysV9f4JDOVISGsjazNb48AeIYQwcL+Bsq5uf4RYL75C1giZ43KISjeDGBaTN3Kxh7Xj/vRSMJUUg==
    dependencies:
      lodash.castarray "^4.4.0"
      lodash.isplainobject "^4.0.6"
      lodash.merge "^4.6.2"
      postcss-selector-parser "6.0.10"
  
  "@tinymanorg/tinyman-js-sdk@3.0.0":
    version "3.0.0"
    resolved "https://registry.yarnpkg.com/@tinymanorg/tinyman-js-sdk/-/tinyman-js-sdk-3.0.0.tgz#878f6e07641dfe1fda086cfefc292bc74507e529"
    integrity sha512-i/rly864c1rTD1kqyFhJa87VXW6b2xkDJeBPhR1pSsXn0+IzZr0PKktc5rCfpHnS5zR23NNwtHY3yNOPGBNy2g==
    dependencies:
      algosdk "^2.1.0"
      base64-js "^1.5.1"
  
  "@types/classnames@^2.3.1":
    version "2.3.1"
    resolved "https://registry.yarnpkg.com/@types/classnames/-/classnames-2.3.1.tgz#3c2467aa0f1a93f1f021e3b9bcf938bd5dfdc0dd"
    integrity sha512-zeOWb0JGBoVmlQoznvqXbE0tEC/HONsnoUNH19Hc96NFsTAwTXbTqb8FMYkru1F/iqp7a18Ws3nWJvtA1sHD1A==
    dependencies:
      classnames "*"
  
  "@types/d3-array@^3.0.3":
    version "3.0.6"
    resolved "https://registry.yarnpkg.com/@types/d3-array/-/d3-array-3.0.6.tgz#6b12c074aa685135d0eb6a73fc2a1ae50e8bedf6"
    integrity sha512-NHkizg870sKYQn45oZT5ItoHqcgRgJD7KAiWZp4Udc6YdrFH2W0tZ2vv4shRHP+SXHoJ1G8B4I1GWb5oQSGypA==
  
  "@types/d3-color@*":
    version "3.1.0"
    resolved "https://registry.yarnpkg.com/@types/d3-color/-/d3-color-3.1.0.tgz#6594da178ded6c7c3842f3cc0ac84b156f12f2d4"
    integrity sha512-HKuicPHJuvPgCD+np6Se9MQvS6OCbJmOjGvylzMJRlDwUXjKTTXs6Pwgk79O09Vj/ho3u1ofXnhFOaEWWPrlwA==
  
  "@types/d3-ease@^3.0.0":
    version "3.0.0"
    resolved "https://registry.yarnpkg.com/@types/d3-ease/-/d3-ease-3.0.0.tgz#c29926f8b596f9dadaeca062a32a45365681eae0"
    integrity sha512-aMo4eaAOijJjA6uU+GIeW018dvy9+oH5Y2VPPzjjfxevvGQ/oRDs+tfYC9b50Q4BygRR8yE2QCLsrT0WtAVseA==
  
  "@types/d3-interpolate@^3.0.1":
    version "3.0.1"
    resolved "https://registry.yarnpkg.com/@types/d3-interpolate/-/d3-interpolate-3.0.1.tgz#e7d17fa4a5830ad56fe22ce3b4fac8541a9572dc"
    integrity sha512-jx5leotSeac3jr0RePOH1KdR9rISG91QIE4Q2PYTu4OymLTZfA3SrnURSLzKH48HmXVUru50b8nje4E79oQSQw==
    dependencies:
      "@types/d3-color" "*"
  
  "@types/d3-path@*":
    version "3.0.0"
    resolved "https://registry.yarnpkg.com/@types/d3-path/-/d3-path-3.0.0.tgz#939e3a784ae4f80b1fde8098b91af1776ff1312b"
    integrity sha512-0g/A+mZXgFkQxN3HniRDbXMN79K3CdTpLsevj+PXiTcb2hVyvkZUBg37StmgCQkaD84cUJ4uaDAWq7UJOQy2Tg==
  
  "@types/d3-scale@^4.0.2":
    version "4.0.4"
    resolved "https://registry.yarnpkg.com/@types/d3-scale/-/d3-scale-4.0.4.tgz#3c5e2263eea5a3670cd91043b9f4d150a94c43f1"
    integrity sha512-eq1ZeTj0yr72L8MQk6N6heP603ubnywSDRfNpi5enouR112HzGLS6RIvExCzZTraFF4HdzNpJMwA/zGiMoHUUw==
    dependencies:
      "@types/d3-time" "*"
  
  "@types/d3-shape@^3.1.0":
    version "3.1.2"
    resolved "https://registry.yarnpkg.com/@types/d3-shape/-/d3-shape-3.1.2.tgz#a3d421d8b0bc0c6c67cb3f4b4471ddc133cb0117"
    integrity sha512-NN4CXr3qeOUNyK5WasVUV8NCSAx/CRVcwcb0BuuS1PiTqwIm6ABi1SyasLZ/vsVCFDArF+W4QiGzSry1eKYQ7w==
    dependencies:
      "@types/d3-path" "*"
  
  "@types/d3-time@*", "@types/d3-time@^3.0.0":
    version "3.0.0"
    resolved "https://registry.yarnpkg.com/@types/d3-time/-/d3-time-3.0.0.tgz#e1ac0f3e9e195135361fa1a1d62f795d87e6e819"
    integrity sha512-sZLCdHvBUcNby1cB6Fd3ZBrABbjz3v1Vm90nysCQ6Vt7vd6e/h9Lt7SiJUoEX0l4Dzc7P5llKyhqSi1ycSf1Hg==
  
  "@types/d3-timer@^3.0.0":
    version "3.0.0"
    resolved "https://registry.yarnpkg.com/@types/d3-timer/-/d3-timer-3.0.0.tgz#e2505f1c21ec08bda8915238e397fb71d2fc54ce"
    integrity sha512-HNB/9GHqu7Fo8AQiugyJbv6ZxYz58wef0esl4Mv828w1ZKpAshw/uFWVDUcIB9KKFeFKoxS3cHY07FFgtTRZ1g==
  
  "@types/estree@*":
    version "1.0.1"
    resolved "https://registry.yarnpkg.com/@types/estree/-/estree-1.0.1.tgz#aa22750962f3bf0e79d753d3cc067f010c95f194"
    integrity sha512-LG4opVs2ANWZ1TJoKc937iMmNstM/d0ae1vNbnBvBhqCSezgVUOzcLCqbI5elV8Vy6WKwKjaqR+zO9VKirBBCA==
  
  "@types/estree@0.0.39":
    version "0.0.39"
    resolved "https://registry.yarnpkg.com/@types/estree/-/estree-0.0.39.tgz#e177e699ee1b8c22d23174caaa7422644389509f"
    integrity sha512-EYNwp3bU+98cpU4lAWYYL7Zz+2gryWH1qbdDTidVd6hkiR6weksdbMadyXKXNPEkQFhXM+hVO9ZygomHXp+AIw==
  
  "@types/glob@^7.1.1":
    version "7.2.0"
    resolved "https://registry.yarnpkg.com/@types/glob/-/glob-7.2.0.tgz#bc1b5bf3aa92f25bd5dd39f35c57361bdce5b2eb"
    integrity sha512-ZUxbzKl0IfJILTS6t7ip5fQQM/J3TJYubDm3nMbgubNNYS62eXeUpoLUC8/7fJNiFYHTrGPQn7hspDUzIHX3UA==
    dependencies:
      "@types/minimatch" "*"
      "@types/node" "*"
  
  "@types/js-cookie@^2.2.6":
    version "2.2.7"
    resolved "https://registry.yarnpkg.com/@types/js-cookie/-/js-cookie-2.2.7.tgz#226a9e31680835a6188e887f3988e60c04d3f6a3"
    integrity sha512-aLkWa0C0vO5b4Sr798E26QgOkss68Un0bLjs7u9qxzPT5CG+8DuNTffWES58YzJs3hrVAOs1wonycqEBqNJubA==
  
  "@types/js-cookie@^3.0.1":
    version "3.0.3"
    resolved "https://registry.yarnpkg.com/@types/js-cookie/-/js-cookie-3.0.3.tgz#d6bfbbdd0c187354ca555213d1962f6d0691ff4e"
    integrity sha512-Xe7IImK09HP1sv2M/aI+48a20VX+TdRJucfq4vfRVy6nWN8PYPOEnlMRSgxJAgYQIXJVL8dZ4/ilAM7dWNaOww==
  
  "@types/lodash@^4.14.175":
    version "4.14.197"
    resolved "https://registry.yarnpkg.com/@types/lodash/-/lodash-4.14.197.tgz#e95c5ddcc814ec3e84c891910a01e0c8a378c54b"
    integrity sha512-BMVOiWs0uNxHVlHBgzTIqJYmj+PgCo4euloGF+5m4okL3rEYzM2EEv78mw8zWSMM57dM7kVIgJ2QDvwHSoCI5g==
  
  "@types/minimatch@*":
    version "5.1.2"
    resolved "https://registry.yarnpkg.com/@types/minimatch/-/minimatch-5.1.2.tgz#07508b45797cb81ec3f273011b054cd0755eddca"
    integrity sha512-K0VQKziLUWkVKiRVrx4a40iPaxTUefQmjtkQofBkYRcoaaL/8rhwDWww9qWbrgicNOgnpIsMxyNIUM4+n6dUIA==
  
  "@types/node@*":
    version "20.5.3"
    resolved "https://registry.yarnpkg.com/@types/node/-/node-20.5.3.tgz#fa52c147f405d56b2f1dd8780d840aa87ddff629"
    integrity sha512-ITI7rbWczR8a/S6qjAW7DMqxqFMjjTo61qZVWJ1ubPvbIQsL5D/TvwjYEalM8Kthpe3hTzOGrF2TGbAu2uyqeA==
  
  "@types/node@18.7.18":
    version "18.7.18"
    resolved "https://registry.yarnpkg.com/@types/node/-/node-18.7.18.tgz#633184f55c322e4fb08612307c274ee6d5ed3154"
    integrity sha512-m+6nTEOadJZuTPkKR/SYK3A2d7FZrgElol9UP1Kae90VVU4a6mxnPuLiIW1m4Cq4gZ/nWb9GrdVXJCoCazDAbg==
  
  "@types/overlayscrollbars@^1.12.1":
    version "1.12.1"
    resolved "https://registry.yarnpkg.com/@types/overlayscrollbars/-/overlayscrollbars-1.12.1.tgz#fb637071b545834fb12aea94ee309a2ff4cdc0a8"
    integrity sha512-V25YHbSoKQN35UasHf0EKD9U2vcmexRSp78qa8UglxFH8H3D+adEa9zGZwrqpH4TdvqeMrgMqVqsLB4woAryrQ==
  
  "@types/prop-types@*":
    version "15.7.5"
    resolved "https://registry.yarnpkg.com/@types/prop-types/-/prop-types-15.7.5.tgz#5f19d2b85a98e9558036f6a3cacc8819420f05cf"
    integrity sha512-JCB8C6SnDoQf0cNycqd/35A7MjcnK+ZTqE7judS6o7utxUCg6imJg3QK2qzHKszlTjcj2cn+NwMB2i96ubpj7w==
  
  "@types/react-table@^7.7.9":
    version "7.7.15"
    resolved "https://registry.yarnpkg.com/@types/react-table/-/react-table-7.7.15.tgz#e9a093a5f2be4fff5ccb41f1aec9516b520ed9b3"
    integrity sha512-tlXKCeq4gk2xT2lB+Hbp/dO5yYZ899HwQOAp/3o3hKw8wp7ngNpdB90BNWE6kWCm5K2KzmEsHnYoJheSS5SVjg==
    dependencies:
      "@types/react" "*"
  
  "@types/react@*":
    version "18.2.21"
    resolved "https://registry.yarnpkg.com/@types/react/-/react-18.2.21.tgz#774c37fd01b522d0b91aed04811b58e4e0514ed9"
    integrity sha512-neFKG/sBAwGxHgXiIxnbm3/AAVQ/cMRS93hvBpg8xYRbeQSPVABp9U2bRnPf0iI4+Ucdv3plSxKK+3CW2ENJxA==
    dependencies:
      "@types/prop-types" "*"
      "@types/scheduler" "*"
      csstype "^3.0.2"
  
  "@types/react@18.0.20":
    version "18.0.20"
    resolved "https://registry.yarnpkg.com/@types/react/-/react-18.0.20.tgz#e4c36be3a55eb5b456ecf501bd4a00fd4fd0c9ab"
    integrity sha512-MWul1teSPxujEHVwZl4a5HxQ9vVNsjTchVA+xRqv/VYGCuKGAU6UhfrTdF5aBefwD1BHUD8i/zq+O/vyCm/FrA==
    dependencies:
      "@types/prop-types" "*"
      "@types/scheduler" "*"
      csstype "^3.0.2"
  
  "@types/resolve@0.0.8":
    version "0.0.8"
    resolved "https://registry.yarnpkg.com/@types/resolve/-/resolve-0.0.8.tgz#f26074d238e02659e323ce1a13d041eee280e194"
    integrity sha512-auApPaJf3NPfe18hSoJkp8EbZzer2ISk7o8mCC3M9he/a04+gbMF97NkpD2S8riMGvm4BMRI59/SZQSaLTKpsQ==
    dependencies:
      "@types/node" "*"
  
  "@types/scheduler@*":
    version "0.16.3"
    resolved "https://registry.yarnpkg.com/@types/scheduler/-/scheduler-0.16.3.tgz#cef09e3ec9af1d63d2a6cc5b383a737e24e6dcf5"
    integrity sha512-5cJ8CB4yAx7BH1oMvdU0Jh9lrEXyPkar6F9G/ERswkCuvP4KQZfZkSjcMbAICCpQTN4OuZn8tz0HiKv9TGZgrQ==
  
  "@types/source-list-map@*":
    version "0.1.2"
    resolved "https://registry.yarnpkg.com/@types/source-list-map/-/source-list-map-0.1.2.tgz#0078836063ffaf17412349bba364087e0ac02ec9"
    integrity sha512-K5K+yml8LTo9bWJI/rECfIPrGgxdpeNbj+d53lwN4QjW1MCwlkhUms+gtdzigTeUyBr09+u8BwOIY3MXvHdcsA==
  
  "@types/tapable@^1":
    version "1.0.8"
    resolved "https://registry.yarnpkg.com/@types/tapable/-/tapable-1.0.8.tgz#b94a4391c85666c7b73299fd3ad79d4faa435310"
    integrity sha512-ipixuVrh2OdNmauvtT51o3d8z12p6LtFW9in7U79der/kwejjdNchQC5UMn5u/KxNoM7VHHOs/l8KS8uHxhODQ==
  
  "@types/uglify-js@*":
    version "3.17.1"
    resolved "https://registry.yarnpkg.com/@types/uglify-js/-/uglify-js-3.17.1.tgz#e0ffcef756476410e5bce2cb01384ed878a195b5"
    integrity sha512-GkewRA4i5oXacU/n4MA9+bLgt5/L3F1mKrYvFGm7r2ouLXhRKjuWwo9XHNnbx6WF3vlGW21S3fCvgqxvxXXc5g==
    dependencies:
      source-map "^0.6.1"
  
  "@types/uuid@^8.3.4":
    version "8.3.4"
    resolved "https://registry.yarnpkg.com/@types/uuid/-/uuid-8.3.4.tgz#bd86a43617df0594787d38b735f55c805becf1bc"
    integrity sha512-c/I8ZRb51j+pYGAu5CrFMRxqZ2ke4y2grEBO5AUjgSkSk+qT2Ea+OdWElz/OiMf5MNpn2b17kuVBwZLQJXzihw==
  
  "@types/webpack-sources@*":
    version "3.2.0"
    resolved "https://registry.yarnpkg.com/@types/webpack-sources/-/webpack-sources-3.2.0.tgz#16d759ba096c289034b26553d2df1bf45248d38b"
    integrity sha512-Ft7YH3lEVRQ6ls8k4Ff1oB4jN6oy/XmU6tQISKdhfh+1mR+viZFphS6WL0IrtDOzvefmJg5a0s7ZQoRXwqTEFg==
    dependencies:
      "@types/node" "*"
      "@types/source-list-map" "*"
      source-map "^0.7.3"
  
  "@types/webpack@^4.4.31":
    version "4.41.33"
    resolved "https://registry.yarnpkg.com/@types/webpack/-/webpack-4.41.33.tgz#16164845a5be6a306bcbe554a8e67f9cac215ffc"
    integrity sha512-PPajH64Ft2vWevkerISMtnZ8rTs4YmRbs+23c402J0INmxDKCrhZNvwZYtzx96gY2wAtXdrK1BS2fiC8MlLr3g==
    dependencies:
      "@types/node" "*"
      "@types/tapable" "^1"
      "@types/uglify-js" "*"
      "@types/webpack-sources" "*"
      anymatch "^3.0.0"
      source-map "^0.6.0"
  
  "@walletconnect/browser-utils@^1.8.0":
    version "1.8.0"
    resolved "https://registry.yarnpkg.com/@walletconnect/browser-utils/-/browser-utils-1.8.0.tgz#33c10e777aa6be86c713095b5206d63d32df0951"
    integrity sha512-Wcqqx+wjxIo9fv6eBUFHPsW1y/bGWWRboni5dfD8PtOmrihrEpOCmvRJe4rfl7xgJW8Ea9UqKEaq0bIRLHlK4A==
    dependencies:
      "@walletconnect/safe-json" "1.0.0"
      "@walletconnect/types" "^1.8.0"
      "@walletconnect/window-getters" "1.0.0"
      "@walletconnect/window-metadata" "1.0.0"
      detect-browser "5.2.0"
  
  "@walletconnect/client@^1.8.0":
    version "1.8.0"
    resolved "https://registry.yarnpkg.com/@walletconnect/client/-/client-1.8.0.tgz#6f46b5499c7c861c651ff1ebe5da5b66225ca696"
    integrity sha512-svyBQ14NHx6Cs2j4TpkQaBI/2AF4+LXz64FojTjMtV4VMMhl81jSO1vNeg+yYhQzvjcGH/GpSwixjyCW0xFBOQ==
    dependencies:
      "@walletconnect/core" "^1.8.0"
      "@walletconnect/iso-crypto" "^1.8.0"
      "@walletconnect/types" "^1.8.0"
      "@walletconnect/utils" "^1.8.0"
  
  "@walletconnect/core@^1.8.0":
    version "1.8.0"
    resolved "https://registry.yarnpkg.com/@walletconnect/core/-/core-1.8.0.tgz#6b2748b90c999d9d6a70e52e26a8d5e8bfeaa81e"
    integrity sha512-aFTHvEEbXcZ8XdWBw6rpQDte41Rxwnuk3SgTD8/iKGSRTni50gI9S3YEzMj05jozSiOBxQci4pJDMVhIUMtarw==
    dependencies:
      "@walletconnect/socket-transport" "^1.8.0"
      "@walletconnect/types" "^1.8.0"
      "@walletconnect/utils" "^1.8.0"
  
  "@walletconnect/crypto@^1.0.2":
    version "1.0.3"
    resolved "https://registry.yarnpkg.com/@walletconnect/crypto/-/crypto-1.0.3.tgz#7b8dd4d7e2884fe3543c7c07aea425eef5ef9dd4"
    integrity sha512-+2jdORD7XQs76I2Odgr3wwrtyuLUXD/kprNVsjWRhhhdO9Mt6WqVzOPu0/t7OHSmgal8k7SoBQzUc5hu/8zL/g==
    dependencies:
      "@walletconnect/encoding" "^1.0.2"
      "@walletconnect/environment" "^1.0.1"
      "@walletconnect/randombytes" "^1.0.3"
      aes-js "^3.1.2"
      hash.js "^1.1.7"
      tslib "1.14.1"
  
  "@walletconnect/encoding@^1.0.1", "@walletconnect/encoding@^1.0.2":
    version "1.0.2"
    resolved "https://registry.yarnpkg.com/@walletconnect/encoding/-/encoding-1.0.2.tgz#cb3942ad038d6a6bf01158f66773062dd25724da"
    integrity sha512-CrwSBrjqJ7rpGQcTL3kU+Ief+Bcuu9PH6JLOb+wM6NITX1GTxR/MfNwnQfhLKK6xpRAyj2/nM04OOH6wS8Imag==
    dependencies:
      is-typedarray "1.0.0"
      tslib "1.14.1"
      typedarray-to-buffer "3.1.5"
  
  "@walletconnect/environment@^1.0.1":
    version "1.0.1"
    resolved "https://registry.yarnpkg.com/@walletconnect/environment/-/environment-1.0.1.tgz#1d7f82f0009ab821a2ba5ad5e5a7b8ae3b214cd7"
    integrity sha512-T426LLZtHj8e8rYnKfzsw1aG6+M0BT1ZxayMdv/p8yM0MU+eJDISqNY3/bccxRr4LrF9csq02Rhqt08Ibl0VRg==
    dependencies:
      tslib "1.14.1"
  
  "@walletconnect/iso-crypto@^1.8.0":
    version "1.8.0"
    resolved "https://registry.yarnpkg.com/@walletconnect/iso-crypto/-/iso-crypto-1.8.0.tgz#44ddf337c4f02837c062dbe33fa7ab36789df451"
    integrity sha512-pWy19KCyitpfXb70hA73r9FcvklS+FvO9QUIttp3c2mfW8frxgYeRXfxLRCIQTkaYueRKvdqPjbyhPLam508XQ==
    dependencies:
      "@walletconnect/crypto" "^1.0.2"
      "@walletconnect/types" "^1.8.0"
      "@walletconnect/utils" "^1.8.0"
  
  "@walletconnect/jsonrpc-types@^1.0.3":
    version "1.0.3"
    resolved "https://registry.yarnpkg.com/@walletconnect/jsonrpc-types/-/jsonrpc-types-1.0.3.tgz#65e3b77046f1a7fa8347ae02bc1b841abe6f290c"
    integrity sha512-iIQ8hboBl3o5ufmJ8cuduGad0CQm3ZlsHtujv9Eu16xq89q+BG7Nh5VLxxUgmtpnrePgFkTwXirCTkwJH1v+Yw==
    dependencies:
      keyvaluestorage-interface "^1.0.0"
      tslib "1.14.1"
  
  "@walletconnect/jsonrpc-utils@^1.0.3":
    version "1.0.8"
    resolved "https://registry.yarnpkg.com/@walletconnect/jsonrpc-utils/-/jsonrpc-utils-1.0.8.tgz#82d0cc6a5d6ff0ecc277cb35f71402c91ad48d72"
    integrity sha512-vdeb03bD8VzJUL6ZtzRYsFMq1eZQcM3EAzT0a3st59dyLfJ0wq+tKMpmGH7HlB7waD858UWgfIcudbPFsbzVdw==
    dependencies:
      "@walletconnect/environment" "^1.0.1"
      "@walletconnect/jsonrpc-types" "^1.0.3"
      tslib "1.14.1"
  
  "@walletconnect/randombytes@^1.0.3":
    version "1.0.3"
    resolved "https://registry.yarnpkg.com/@walletconnect/randombytes/-/randombytes-1.0.3.tgz#e795e4918367fd1e6a2215e075e64ab93e23985b"
    integrity sha512-35lpzxcHFbTN3ABefC9W+uBpNZl1GC4Wpx0ed30gibfO/y9oLdy1NznbV96HARQKSBV9J9M/rrtIvf6a23jfYw==
    dependencies:
      "@walletconnect/encoding" "^1.0.2"
      "@walletconnect/environment" "^1.0.1"
      randombytes "^2.1.0"
      tslib "1.14.1"
  
  "@walletconnect/safe-json@1.0.0":
    version "1.0.0"
    resolved "https://registry.yarnpkg.com/@walletconnect/safe-json/-/safe-json-1.0.0.tgz#12eeb11d43795199c045fafde97e3c91646683b2"
    integrity sha512-QJzp/S/86sUAgWY6eh5MKYmSfZaRpIlmCJdi5uG4DJlKkZrHEF7ye7gA+VtbVzvTtpM/gRwO2plQuiooIeXjfg==
  
  "@walletconnect/socket-transport@^1.8.0":
    version "1.8.0"
    resolved "https://registry.yarnpkg.com/@walletconnect/socket-transport/-/socket-transport-1.8.0.tgz#9a1128a249628a0be11a0979b522fe82b44afa1b"
    integrity sha512-5DyIyWrzHXTcVp0Vd93zJ5XMW61iDM6bcWT4p8DTRfFsOtW46JquruMhxOLeCOieM4D73kcr3U7WtyR4JUsGuQ==
    dependencies:
      "@walletconnect/types" "^1.8.0"
      "@walletconnect/utils" "^1.8.0"
      ws "7.5.3"
  
  "@walletconnect/types@^1.8.0":
    version "1.8.0"
    resolved "https://registry.yarnpkg.com/@walletconnect/types/-/types-1.8.0.tgz#3f5e85b2d6b149337f727ab8a71b8471d8d9a195"
    integrity sha512-Cn+3I0V0vT9ghMuzh1KzZvCkiAxTq+1TR2eSqw5E5AVWfmCtECFkVZBP6uUJZ8YjwLqXheI+rnjqPy7sVM4Fyg==
  
  "@walletconnect/utils@^1.8.0":
    version "1.8.0"
    resolved "https://registry.yarnpkg.com/@walletconnect/utils/-/utils-1.8.0.tgz#2591a197c1fa7429941fe428876088fda6632060"
    integrity sha512-zExzp8Mj1YiAIBfKNm5u622oNw44WOESzo6hj+Q3apSMIb0Jph9X3GDIdbZmvVZsNPxWDL7uodKgZcCInZv2vA==
    dependencies:
      "@walletconnect/browser-utils" "^1.8.0"
      "@walletconnect/encoding" "^1.0.1"
      "@walletconnect/jsonrpc-utils" "^1.0.3"
      "@walletconnect/types" "^1.8.0"
      bn.js "4.11.8"
      js-sha3 "0.8.0"
      query-string "6.13.5"
  
  "@walletconnect/window-getters@1.0.0":
    version "1.0.0"
    resolved "https://registry.yarnpkg.com/@walletconnect/window-getters/-/window-getters-1.0.0.tgz#1053224f77e725dfd611c83931b5f6c98c32bfc8"
    integrity sha512-xB0SQsLaleIYIkSsl43vm8EwETpBzJ2gnzk7e0wMF3ktqiTGS6TFHxcprMl5R44KKh4tCcHCJwolMCaDSwtAaA==
  
  "@walletconnect/window-getters@^1.0.0":
    version "1.0.1"
    resolved "https://registry.yarnpkg.com/@walletconnect/window-getters/-/window-getters-1.0.1.tgz#f36d1c72558a7f6b87ecc4451fc8bd44f63cbbdc"
    integrity sha512-vHp+HqzGxORPAN8gY03qnbTMnhqIwjeRJNOMOAzePRg4xVEEE2WvYsI9G2NMjOknA8hnuYbU3/hwLcKbjhc8+Q==
    dependencies:
      tslib "1.14.1"
  
  "@walletconnect/window-metadata@1.0.0":
    version "1.0.0"
    resolved "https://registry.yarnpkg.com/@walletconnect/window-metadata/-/window-metadata-1.0.0.tgz#93b1cc685e6b9b202f29c26be550fde97800c4e5"
    integrity sha512-9eFvmJxIKCC3YWOL97SgRkKhlyGXkrHwamfechmqszbypFspaSk+t2jQXAEU7YClHF6Qjw5eYOmy1//zFi9/GA==
    dependencies:
      "@walletconnect/window-getters" "^1.0.0"
  
  "@xobotyi/scrollbar-width@^1.9.5":
    version "1.9.5"
    resolved "https://registry.yarnpkg.com/@xobotyi/scrollbar-width/-/scrollbar-width-1.9.5.tgz#80224a6919272f405b87913ca13b92929bdf3c4d"
    integrity sha512-N8tkAACJx2ww8vFMneJmaAgmjAG1tnVBZJRLRcx061tmsLRZHSEZSLuGWnwPtunsSLvSqXQ2wfp7Mgqg1I+2dQ==
  
  acorn@^7.1.0:
    version "7.4.1"
    resolved "https://registry.yarnpkg.com/acorn/-/acorn-7.4.1.tgz#feaed255973d2e77555b83dbc08851a6c63520fa"
    integrity sha512-nQyp0o1/mNdbTO1PO6kHkwSrmgZ0MT/jCCpNiwbUjGoRN4dlBhqJtoQuCnEOKzgTVwg0ZWiCoQy6SxMebQVh8A==
  
  aes-js@3.0.0:
    version "3.0.0"
    resolved "https://registry.yarnpkg.com/aes-js/-/aes-js-3.0.0.tgz#e21df10ad6c2053295bcbb8dab40b09dbea87e4d"
    integrity sha512-H7wUZRn8WpTq9jocdxQ2c8x2sKo9ZVmzfRE13GiNJXfp7NcKYEdvl3vspKjXox6RIG2VtaRe4JFvxG4rqp2Zuw==
  
  aes-js@^3.1.2:
    version "3.1.2"
    resolved "https://registry.yarnpkg.com/aes-js/-/aes-js-3.1.2.tgz#db9aabde85d5caabbfc0d4f2a4446960f627146a"
    integrity sha512-e5pEa2kBnBOgR4Y/p20pskXI74UEz7de8ZGVo58asOtvSVG5YAbJeELPZxOmt+Bnz3rX753YKhfIn4X4l1PPRQ==
  
  algo-msgpack-with-bigint@^2.1.1:
    version "2.1.1"
    resolved "https://registry.yarnpkg.com/algo-msgpack-with-bigint/-/algo-msgpack-with-bigint-2.1.1.tgz#38bb717220525b3ff42232eefdcd9efb9ad405d6"
    integrity sha512-F1tGh056XczEaEAqu7s+hlZUDWwOBT70Eq0lfMpBP2YguSQVyxRbprLq5rELXKQOyOaixTWYhMeMQMzP0U5FoQ==
  
  algosdk@2.4.0:
    version "2.4.0"
    resolved "https://registry.yarnpkg.com/algosdk/-/algosdk-2.4.0.tgz#6519bbefb12ac5b0e2442463f181fefdce1cf2b0"
    integrity sha512-sENe6IyUqvhQprfS/7gJAkPC5sX2LI5uc+gXaKNgzKp72UEyXYSoN3h4MZkOlCrOcTSWTJW7605tYgg8nFkflw==
    dependencies:
      algo-msgpack-with-bigint "^2.1.1"
      buffer "^6.0.3"
      cross-fetch "^3.1.5"
      hi-base32 "^0.5.1"
      js-sha256 "^0.9.0"
      js-sha3 "^0.8.0"
      js-sha512 "^0.8.0"
      json-bigint "^1.0.0"
      tweetnacl "^1.0.3"
      vlq "^2.0.4"
  
  algosdk@^2.1.0:
    version "2.5.0"
    resolved "https://registry.yarnpkg.com/algosdk/-/algosdk-2.5.0.tgz#92776e743ec93677d0ffd8ab31c9e43a5815a5da"
    integrity sha512-MlbPjjx4utq5sETOE0okF7/Lz0fgoBtRJRvSbRu3GnoybLTq/n6To2ojDAjJMqi+qMDyUBE9fWu+8jdSvozavA==
    dependencies:
      algo-msgpack-with-bigint "^2.1.1"
      buffer "^6.0.3"
      cross-fetch "^4.0.0"
      hi-base32 "^0.5.1"
      js-sha256 "^0.9.0"
      js-sha3 "^0.8.0"
      js-sha512 "^0.8.0"
      json-bigint "^1.0.0"
      tweetnacl "^1.0.3"
      vlq "^2.0.4"
  
  ansi-escapes@^5.0.0:
    version "5.0.0"
    resolved "https://registry.yarnpkg.com/ansi-escapes/-/ansi-escapes-5.0.0.tgz#b6a0caf0eef0c41af190e9a749e0c00ec04bb2a6"
    integrity sha512-5GFMVX8HqE/TB+FuBJGuO5XG0WrsA6ptUqoODaT/n9mmUaZFkqnBueB4leqGBCmrUHnCnC4PCZTCd0E7QQ83bA==
    dependencies:
      type-fest "^1.0.2"
  
  ansi-regex@^6.0.1:
    version "6.0.1"
    resolved "https://registry.yarnpkg.com/ansi-regex/-/ansi-regex-6.0.1.tgz#3183e38fae9a65d7cb5e53945cd5897d0260a06a"
    integrity sha512-n5M855fKb2SsfMIiFFoVrABHJC8QtHwVx+mHWP3QcEqBHYienj5dHSgjbxtC0WEZXYt4wcD6zrQElDPhFuZgfA==
  
  ansi-styles@^3.2.1:
    version "3.2.1"
    resolved "https://registry.yarnpkg.com/ansi-styles/-/ansi-styles-3.2.1.tgz#41fbb20243e50b12be0f04b8dedbf07520ce841d"
    integrity sha512-VT0ZI6kZRdTh8YyJw3SMbYm/u+NqfsAxEpWO0Pf9sq8/e94WxxOpPKx9FR1FlyCtOVDNOQ+8ntlqFxiRc+r5qA==
    dependencies:
      color-convert "^1.9.0"
  
  ansi-styles@^6.0.0, ansi-styles@^6.1.0:
    version "6.2.1"
    resolved "https://registry.yarnpkg.com/ansi-styles/-/ansi-styles-6.2.1.tgz#0e62320cf99c21afff3b3012192546aacbfb05c5"
    integrity sha512-bN798gFfQX+viw3R7yrGWRqnrN2oRkEkUjjl4JNn4E8GxxbjtG3FbrEIIY3l8/hrwUwIeCZvi4QuOTP4MErVug==
  
  any-promise@^1.0.0:
    version "1.3.0"
    resolved "https://registry.yarnpkg.com/any-promise/-/any-promise-1.3.0.tgz#abc6afeedcea52e809cdc0376aed3ce39635d17f"
    integrity sha512-7UvmKalWRt1wgjL1RrGxoSJW/0QZFIegpeGvZG9kjp8vrRu55XTHbwnqq2GpXm9uLbcuhxm3IqX9OB4MZR1b2A==
  
  anymatch@^3.0.0, anymatch@~3.1.2:
    version "3.1.3"
    resolved "https://registry.yarnpkg.com/anymatch/-/anymatch-3.1.3.tgz#790c58b19ba1720a84205b57c618d5ad8524973e"
    integrity sha512-KMReFUr0B4t+D+OBkjR3KYqvocp2XaSzO55UcB6mgQMd3KbcE+mWTyvVV7D/zsdEbNnV6acZUutkiHQXvTr1Rw==
    dependencies:
      normalize-path "^3.0.0"
      picomatch "^2.0.4"
  
  arg@^5.0.2:
    version "5.0.2"
    resolved "https://registry.yarnpkg.com/arg/-/arg-5.0.2.tgz#c81433cc427c92c4dcf4865142dbca6f15acd59c"
    integrity sha512-PYjyFOLKQ9y57JvQ6QLo8dAgNqswh8M1RMJYdQduT6xbWSgK36P/Z/v+p888pM69jMMfS8Xd8F6I1kQ/I9HUGg==
  
  array-union@^1.0.1:
    version "1.0.2"
    resolved "https://registry.yarnpkg.com/array-union/-/array-union-1.0.2.tgz#9a34410e4f4e3da23dea375be5be70f24778ec39"
    integrity sha512-Dxr6QJj/RdU/hCaBjOfxW+q6lyuVE6JFWIrAUpuOOhoJJoQ99cUn3igRaHVB5P9WrgFVN0FfArM3x0cueOU8ng==
    dependencies:
      array-uniq "^1.0.1"
  
  array-union@^2.1.0:
    version "2.1.0"
    resolved "https://registry.yarnpkg.com/array-union/-/array-union-2.1.0.tgz#b798420adbeb1de828d84acd8a2e23d3efe85e8d"
    integrity sha512-HGyxoOTYUyCM6stUe6EJgnd4EoewAI7zMdfqO+kGjnlZmBDz/cR5pf8r/cR4Wq60sL/p0IkcjUEEPwS3GFrIyw==
  
  array-uniq@^1.0.1:
    version "1.0.3"
    resolved "https://registry.yarnpkg.com/array-uniq/-/array-uniq-1.0.3.tgz#af6ac877a25cc7f74e058894753858dfdb24fdb6"
    integrity sha512-MNha4BWQ6JbwhFhj03YK552f7cb3AzoE8SzeljgChvL1dl3IcvggXVz1DilzySZkCja+CXuZbdW7yATchWn8/Q==
  
  asynckit@^0.4.0:
    version "0.4.0"
    resolved "https://registry.yarnpkg.com/asynckit/-/asynckit-0.4.0.tgz#c79ed97f7f34cb8f2ba1bc9790bcc366474b4b79"
    integrity sha512-Oei9OH4tRh0YqU3GxhX79dM/mwVgvbZJaSNaRk+bshkj0S5cfHcgYakreBjrHwatXKbz+IoIdYLxrKim2MjW0Q==
  
  attr-accept@^2.2.2:
    version "2.2.2"
    resolved "https://registry.yarnpkg.com/attr-accept/-/attr-accept-2.2.2.tgz#646613809660110749e92f2c10833b70968d929b"
    integrity sha512-7prDjvt9HmqiZ0cl5CRjtS84sEyhsHP2coDkaZKRKVfCDo9s7iw7ChVmar78Gu9pC4SoR/28wFu/G5JJhTnqEg==
  
  autoprefixer@^10.4.12:
    version "10.4.15"
    resolved "https://registry.yarnpkg.com/autoprefixer/-/autoprefixer-10.4.15.tgz#a1230f4aeb3636b89120b34a1f513e2f6834d530"
    integrity sha512-KCuPB8ZCIqFdA4HwKXsvz7j6gvSDNhDP7WnUjBleRkKjPdvCmHFuQ77ocavI8FT6NdvlBnE2UFr2H4Mycn8Vew==
    dependencies:
      browserslist "^4.21.10"
      caniuse-lite "^1.0.30001520"
      fraction.js "^4.2.0"
      normalize-range "^0.1.2"
      picocolors "^1.0.0"
      postcss-value-parser "^4.2.0"
  
  axios@^0.27.2:
    version "0.27.2"
    resolved "https://registry.yarnpkg.com/axios/-/axios-0.27.2.tgz#207658cc8621606e586c85db4b41a750e756d972"
    integrity sha512-t+yRIyySRTp/wua5xEr+z1q60QmLq8ABsS5O9Me1AsE5dfKqgnCFzwiCZZ/cGNd1lq4/7akDWMxdhVlucjmnOQ==
    dependencies:
      follow-redirects "^1.14.9"
      form-data "^4.0.0"
  
  b4a@^1.6.4:
    version "1.6.4"
    resolved "https://registry.yarnpkg.com/b4a/-/b4a-1.6.4.tgz#ef1c1422cae5ce6535ec191baeed7567443f36c9"
    integrity sha512-fpWrvyVHEKyeEvbKZTVOeZF3VSKKWtJxFIxX/jaVPf+cLbGUSitjb49pHLqPV2BUNNZ0LcoeEGfE/YCpyDYHIw==
  
  babel-extract-comments@^1.0.0:
    version "1.0.0"
    resolved "https://registry.yarnpkg.com/babel-extract-comments/-/babel-extract-comments-1.0.0.tgz#0a2aedf81417ed391b85e18b4614e693a0351a21"
    integrity sha512-qWWzi4TlddohA91bFwgt6zO/J0X+io7Qp184Fw0m2JYRSTZnJbFR8+07KmzudHCZgOiKRCrjhylwv9Xd8gfhVQ==
    dependencies:
      babylon "^6.18.0"
  
  babel-plugin-polyfill-corejs2@^0.4.5:
    version "0.4.5"
    resolved "https://registry.yarnpkg.com/babel-plugin-polyfill-corejs2/-/babel-plugin-polyfill-corejs2-0.4.5.tgz#8097b4cb4af5b64a1d11332b6fb72ef5e64a054c"
    integrity sha512-19hwUH5FKl49JEsvyTcoHakh6BE0wgXLLptIyKZ3PijHc/Ci521wygORCUCCred+E/twuqRyAkE02BAWPmsHOg==
    dependencies:
      "@babel/compat-data" "^7.22.6"
      "@babel/helper-define-polyfill-provider" "^0.4.2"
      semver "^6.3.1"
  
  babel-plugin-polyfill-corejs3@^0.8.3:
    version "0.8.3"
    resolved "https://registry.yarnpkg.com/babel-plugin-polyfill-corejs3/-/babel-plugin-polyfill-corejs3-0.8.3.tgz#b4f719d0ad9bb8e0c23e3e630c0c8ec6dd7a1c52"
    integrity sha512-z41XaniZL26WLrvjy7soabMXrfPWARN25PZoriDEiLMxAp50AUW3t35BGQUMg5xK3UrpVTtagIDklxYa+MhiNA==
    dependencies:
      "@babel/helper-define-polyfill-provider" "^0.4.2"
      core-js-compat "^3.31.0"
  
  babel-plugin-polyfill-regenerator@^0.5.2:
    version "0.5.2"
    resolved "https://registry.yarnpkg.com/babel-plugin-polyfill-regenerator/-/babel-plugin-polyfill-regenerator-0.5.2.tgz#80d0f3e1098c080c8b5a65f41e9427af692dc326"
    integrity sha512-tAlOptU0Xj34V1Y2PNTL4Y0FOJMDB6bZmoW39FeCQIhigGLkqu3Fj6uiXpxIf6Ij274ENdYx64y6Au+ZKlb1IA==
    dependencies:
      "@babel/helper-define-polyfill-provider" "^0.4.2"
  
  "babel-plugin-styled-components@>= 1.12.0":
    version "2.1.4"
    resolved "https://registry.yarnpkg.com/babel-plugin-styled-components/-/babel-plugin-styled-components-2.1.4.tgz#9a1f37c7f32ef927b4b008b529feb4a2c82b1092"
    integrity sha512-Xgp9g+A/cG47sUyRwwYxGM4bR/jDRg5N6it/8+HxCnbT5XNKSKDT9xm4oag/osgqjC2It/vH0yXsomOG6k558g==
    dependencies:
      "@babel/helper-annotate-as-pure" "^7.22.5"
      "@babel/helper-module-imports" "^7.22.5"
      "@babel/plugin-syntax-jsx" "^7.22.5"
      lodash "^4.17.21"
      picomatch "^2.3.1"
  
  babel-plugin-syntax-object-rest-spread@^6.8.0:
    version "6.13.0"
    resolved "https://registry.yarnpkg.com/babel-plugin-syntax-object-rest-spread/-/babel-plugin-syntax-object-rest-spread-6.13.0.tgz#fd6536f2bce13836ffa3a5458c4903a597bb3bf5"
    integrity sha512-C4Aq+GaAj83pRQ0EFgTvw5YO6T3Qz2KGrNRwIj9mSoNHVvdZY4KO2uA6HNtNXCw993iSZnckY1aLW8nOi8i4+w==
  
  babel-plugin-transform-object-rest-spread@^6.26.0:
    version "6.26.0"
    resolved "https://registry.yarnpkg.com/babel-plugin-transform-object-rest-spread/-/babel-plugin-transform-object-rest-spread-6.26.0.tgz#0f36692d50fef6b7e2d4b3ac1478137a963b7b06"
    integrity sha512-ocgA9VJvyxwt+qJB0ncxV8kb/CjfTcECUY4tQ5VT7nP6Aohzobm8CDFaQ5FHdvZQzLmf0sgDxB8iRXZXxwZcyA==
    dependencies:
      babel-plugin-syntax-object-rest-spread "^6.8.0"
      babel-runtime "^6.26.0"
  
  babel-runtime@^6.26.0:
    version "6.26.0"
    resolved "https://registry.yarnpkg.com/babel-runtime/-/babel-runtime-6.26.0.tgz#965c7058668e82b55d7bfe04ff2337bc8b5647fe"
    integrity sha512-ITKNuq2wKlW1fJg9sSW52eepoYgZBggvOAHC0u/CYu/qxQ9EVzThCgR69BnSXLHjy2f7SY5zaQ4yt7H9ZVxY2g==
    dependencies:
      core-js "^2.4.0"
      regenerator-runtime "^0.11.0"
  
  babylon@^6.18.0:
    version "6.18.0"
    resolved "https://registry.yarnpkg.com/babylon/-/babylon-6.18.0.tgz#af2f3b88fa6f5c1e4c634d1a0f8eac4f55b395e3"
    integrity sha512-q/UEjfGJ2Cm3oKV71DJz9d25TPnq5rhBVL2Q4fA5wcC3jcrdn7+SssEybFIxwAvvP+YCsCYNKughoF33GxgycQ==
  
  balanced-match@^1.0.0:
    version "1.0.2"
    resolved "https://registry.yarnpkg.com/balanced-match/-/balanced-match-1.0.2.tgz#e83e3a7e3f300b34cb9d87f615fa0cbf357690ee"
    integrity sha512-3oSeUO0TMV67hN1AmbXsK4yaqU7tjiHlbxRDZOpH0KW9+CeX4bRAaX0Anxt0tx2MrpRpWwQaPwIlISEJhYU5Pw==
  
  base64-js@^1.3.1, base64-js@^1.5.1:
    version "1.5.1"
    resolved "https://registry.yarnpkg.com/base64-js/-/base64-js-1.5.1.tgz#1b1b440160a5bf7ad40b650f095963481903930a"
    integrity sha512-AKpaYlHn8t4SVbOHCy+b5+KKgvR4vrsD8vbvrbiQJps7fKDTkjkDry6ji0rUJjC0kzbNePLwzxq8iypo41qeWA==
  
  bech32@1.1.4:
    version "1.1.4"
    resolved "https://registry.yarnpkg.com/bech32/-/bech32-1.1.4.tgz#e38c9f37bf179b8eb16ae3a772b40c356d4832e9"
    integrity sha512-s0IrSOzLlbvX7yp4WBfPITzpAU8sqQcpsmwXDiKwrG4r491vwCO/XpejasRNl0piBMe/DvP4Tz0mIS/X1DPJBQ==
  
  big-integer@^1.6.16:
    version "1.6.51"
    resolved "https://registry.yarnpkg.com/big-integer/-/big-integer-1.6.51.tgz#0df92a5d9880560d3ff2d5fd20245c889d130686"
    integrity sha512-GPEid2Y9QU1Exl1rpO9B2IPJGHPSupF5GnVIP0blYvNOMer2bTvSWs1jGOUg04hTmu67nmLsQ9TBo1puaotBHg==
  
  bignumber.js@^9.0.0:
    version "9.1.1"
    resolved "https://registry.yarnpkg.com/bignumber.js/-/bignumber.js-9.1.1.tgz#c4df7dc496bd849d4c9464344c1aa74228b4dac6"
    integrity sha512-pHm4LsMJ6lzgNGVfZHjMoO8sdoRhOzOH4MLmY65Jg70bpxCKu5iOHNJyfF6OyvYw7t8Fpf35RuzUyqnQsj8Vig==
  
  binary-extensions@^2.0.0:
    version "2.2.0"
    resolved "https://registry.yarnpkg.com/binary-extensions/-/binary-extensions-2.2.0.tgz#75f502eeaf9ffde42fc98829645be4ea76bd9e2d"
    integrity sha512-jDctJ/IVQbZoJykoeHbhXpOlNBqGNcwXJKJog42E5HDPUwQTSdjCHdihjj0DlnheQ7blbT6dHOafNAiS8ooQKA==
  
  bl@^4.0.3:
    version "4.1.0"
    resolved "https://registry.yarnpkg.com/bl/-/bl-4.1.0.tgz#451535264182bec2fbbc83a62ab98cf11d9f7b3a"
    integrity sha512-1W07cM9gS6DcLperZfFSj+bWLtaPGSOHWhPiGzXmvVJbRLdG82sH/Kn8EtW1VqWVA54AKf2h5k5BbnIbwF3h6w==
    dependencies:
      buffer "^5.5.0"
      inherits "^2.0.4"
      readable-stream "^3.4.0"
  
  bn.js@4.11.8:
    version "4.11.8"
    resolved "https://registry.yarnpkg.com/bn.js/-/bn.js-4.11.8.tgz#2cde09eb5ee341f484746bb0309b3253b1b1442f"
    integrity sha512-ItfYfPLkWHUjckQCk8xC+LwxgK8NYcXywGigJgSwOP8Y2iyWT4f2vsZnoOXTTbo+o5yXmIUJ4gn5538SO5S3gA==
  
  bn.js@^4.11.9:
    version "4.12.0"
    resolved "https://registry.yarnpkg.com/bn.js/-/bn.js-4.12.0.tgz#775b3f278efbb9718eec7361f483fb36fbbfea88"
    integrity sha512-c98Bf3tPniI+scsdk237ku1Dc3ujXQTSgyiPUDEOe7tRkhrqridvh8klBv0HCEso1OLOYcHuCv/cS6DNxKH+ZA==
  
  bn.js@^5.2.1:
    version "5.2.1"
    resolved "https://registry.yarnpkg.com/bn.js/-/bn.js-5.2.1.tgz#0bc527a6a0d18d0aa8d5b0538ce4a77dccfa7b70"
    integrity sha512-eXRvHzWyYPBuB4NBy0cmYQjGitUrtqwbvlzP3G6VFnNRbsZQIxQ10PbKKHt8gZ/HW/D/747aDl+QkDqg3KQLMQ==
  
  bowser@2.11.0:
    version "2.11.0"
    resolved "https://registry.yarnpkg.com/bowser/-/bowser-2.11.0.tgz#5ca3c35757a7aa5771500c70a73a9f91ef420a8f"
    integrity sha512-AlcaJBi/pqqJBIQ8U9Mcpc9i8Aqxn88Skv5d+xBX006BY5u8N3mGLHa5Lgppa7L/HfwgwLgZ6NYs+Ag6uUmJRA==
  
  brace-expansion@^1.1.7:
    version "1.1.11"
    resolved "https://registry.yarnpkg.com/brace-expansion/-/brace-expansion-1.1.11.tgz#3c7fcbf529d87226f3d2f52b966ff5271eb441dd"
    integrity sha512-iCuPHDFgrHX7H2vEI/5xpz07zSHB00TpugqhmYtVmMO6518mCuRMoOYFldEBl0g187ufozdaHgWKcYFb61qGiA==
    dependencies:
      balanced-match "^1.0.0"
      concat-map "0.0.1"
  
  braces@^3.0.2, braces@~3.0.2:
    version "3.0.2"
    resolved "https://registry.yarnpkg.com/braces/-/braces-3.0.2.tgz#3454e1a462ee8d599e236df336cd9ea4f8afe107"
    integrity sha512-b8um+L1RzM3WDSzvhm6gIz1yfTbBt6YTlcEKAvsmqCZZFw46z626lVj9j1yEPW33H5H+lBQpZMP1k8l+78Ha0A==
    dependencies:
      fill-range "^7.0.1"
  
  broadcast-channel@^3.4.1:
    version "3.7.0"
    resolved "https://registry.yarnpkg.com/broadcast-channel/-/broadcast-channel-3.7.0.tgz#2dfa5c7b4289547ac3f6705f9c00af8723889937"
    integrity sha512-cIAKJXAxGJceNZGTZSBzMxzyOn72cVgPnKx4dc6LRjQgbaJUQqhy5rzL3zbMxkMWsGKkv2hSFkPRMEXfoMZ2Mg==
    dependencies:
      "@babel/runtime" "^7.7.2"
      detect-node "^2.1.0"
      js-sha3 "0.8.0"
      microseconds "0.2.0"
      nano-time "1.0.0"
      oblivious-set "1.0.0"
      rimraf "3.0.2"
      unload "2.2.0"
  
  brorand@^1.1.0:
    version "1.1.0"
    resolved "https://registry.yarnpkg.com/brorand/-/brorand-1.1.0.tgz#12c25efe40a45e3c323eb8675a0a0ce57b22371f"
    integrity sha512-cKV8tMCEpQs4hK/ik71d6LrPOnpkpGBR0wzxqr68g2m/LB2GxVYQroAjMJZRVM1Y4BCjCKc3vAamxSzOY2RP+w==
  
  browserslist@^4.21.10, browserslist@^4.21.9:
    version "4.21.10"
    resolved "https://registry.yarnpkg.com/browserslist/-/browserslist-4.21.10.tgz#dbbac576628c13d3b2231332cb2ec5a46e015bb0"
    integrity sha512-bipEBdZfVH5/pwrvqc+Ub0kUPVfGUhlKxbvfD+z1BDnPEO/X98ruXGA1WP5ASpAFKan7Qr6j736IacbZQuAlKQ==
    dependencies:
      caniuse-lite "^1.0.30001517"
      electron-to-chromium "^1.4.477"
      node-releases "^2.0.13"
      update-browserslist-db "^1.0.11"
  
  buffer-from@^1.0.0:
    version "1.1.2"
    resolved "https://registry.yarnpkg.com/buffer-from/-/buffer-from-1.1.2.tgz#2b146a6fd72e80b4f55d255f35ed59a3a9a41bd5"
    integrity sha512-E+XQCRwSbaaiChtv6k6Dwgc+bx+Bs6vuKJHHl5kox/BaKbhiXzqQOwK4cO22yElGp2OCmjwVhT3HmxgyPGnJfQ==
  
  buffer@^5.5.0:
    version "5.7.1"
    resolved "https://registry.yarnpkg.com/buffer/-/buffer-5.7.1.tgz#ba62e7c13133053582197160851a8f648e99eed0"
    integrity sha512-EHcyIPBQ4BSGlvjB16k5KgAJ27CIsHY/2JBmCRReo48y9rQ3MaUzWX3KVlBa4U7MyX02HdVj0K7C3WaB3ju7FQ==
    dependencies:
      base64-js "^1.3.1"
      ieee754 "^1.1.13"
  
  buffer@^6.0.3:
    version "6.0.3"
    resolved "https://registry.yarnpkg.com/buffer/-/buffer-6.0.3.tgz#2ace578459cc8fbe2a70aaa8f52ee63b6a74c6c6"
    integrity sha512-FTiCpNxtwiZZHEZbcbTIcZjERVICn9yq/pDFkTl95/AxzD1naBctN7YO68riM/gLSDY7sdrMby8hofADYuuqOA==
    dependencies:
      base64-js "^1.3.1"
      ieee754 "^1.2.1"
  
  builtin-modules@^3.1.0:
    version "3.3.0"
    resolved "https://registry.yarnpkg.com/builtin-modules/-/builtin-modules-3.3.0.tgz#cae62812b89801e9656336e46223e030386be7b6"
    integrity sha512-zhaCDicdLuWN5UbN5IMnFqNMhNfo919sH85y2/ea+5Yg9TsTkeZxpL+JLbp6cgYFS4sRLp3YV4S6yDuqVWHYOw==
  
  busboy@1.6.0:
    version "1.6.0"
    resolved "https://registry.yarnpkg.com/busboy/-/busboy-1.6.0.tgz#966ea36a9502e43cdb9146962523b92f531f6893"
    integrity sha512-8SFQbg/0hQ9xy3UNTB0YEnsNBbWfhf7RtnzpL7TkBiTBRfrQ9Fxcnz7VJsleJpyp6rVLvXiuORqjlHi5q+PYuA==
    dependencies:
      streamsearch "^1.1.0"
  
  camelcase-css@^2.0.1:
    version "2.0.1"
    resolved "https://registry.yarnpkg.com/camelcase-css/-/camelcase-css-2.0.1.tgz#ee978f6947914cc30c6b44741b6ed1df7f043fd5"
    integrity sha512-QOSvevhslijgYwRx6Rv7zKdMF8lbRmx+uQGx2+vDc+KI/eBnsy9kit5aj23AgGu3pa4t9AgwbnXWqS+iOY+2aA==
  
  camelize@^1.0.0:
    version "1.0.1"
    resolved "https://registry.yarnpkg.com/camelize/-/camelize-1.0.1.tgz#89b7e16884056331a35d6b5ad064332c91daa6c3"
    integrity sha512-dU+Tx2fsypxTgtLoE36npi3UqcjSSMNYfkqgmoEhtZrraP5VWq0K7FkWVTYa8eMPtnU/G2txVsfdCJTn9uzpuQ==
  
  caniuse-lite@^1.0.30001406, caniuse-lite@^1.0.30001517, caniuse-lite@^1.0.30001520:
    version "1.0.30001522"
    resolved "https://registry.yarnpkg.com/caniuse-lite/-/caniuse-lite-1.0.30001522.tgz#44b87a406c901269adcdb834713e23582dd71856"
    integrity sha512-TKiyTVZxJGhsTszLuzb+6vUZSjVOAhClszBr2Ta2k9IwtNBT/4dzmL6aywt0HCgEZlmwJzXJd8yNiob6HgwTRg==
  
  chalk@5.3.0:
    version "5.3.0"
    resolved "https://registry.yarnpkg.com/chalk/-/chalk-5.3.0.tgz#67c20a7ebef70e7f3970a01f90fa210cb6860385"
    integrity sha512-dLitG79d+GV1Nb/VYcCDFivJeK1hiukt9QjRNVOsUtTy1rR1YJsmpGGTZ3qJos+uw7WmWF4wUwBd9jxjocFC2w==
  
  chalk@^2.4.2:
    version "2.4.2"
    resolved "https://registry.yarnpkg.com/chalk/-/chalk-2.4.2.tgz#cd42541677a54333cf541a49108c1432b44c9424"
    integrity sha512-Mti+f9lpJNcwF4tWV8/OrTTtF1gZi+f8FqlyAdouralcFWFQWF2+NgCHShjkCb+IFBLq9buZwE1xckQU4peSuQ==
    dependencies:
      ansi-styles "^3.2.1"
      escape-string-regexp "^1.0.5"
      supports-color "^5.3.0"
  
  chokidar@^3.5.3:
    version "3.5.3"
    resolved "https://registry.yarnpkg.com/chokidar/-/chokidar-3.5.3.tgz#1cf37c8707b932bd1af1ae22c0432e2acd1903bd"
    integrity sha512-Dr3sfKRP6oTcjf2JmUmFJfeVMvXBdegxB0iVQ5eb2V10uFJUCAS8OByZdVAyVb8xXNz3GjjTgj9kLWsZTqE6kw==
    dependencies:
      anymatch "~3.1.2"
      braces "~3.0.2"
      glob-parent "~5.1.2"
      is-binary-path "~2.1.0"
      is-glob "~4.0.1"
      normalize-path "~3.0.0"
      readdirp "~3.6.0"
    optionalDependencies:
      fsevents "~2.3.2"
  
  chownr@^1.1.1:
    version "1.1.4"
    resolved "https://registry.yarnpkg.com/chownr/-/chownr-1.1.4.tgz#6fc9d7b42d32a583596337666e7d08084da2cc6b"
    integrity sha512-jJ0bqzaylmJtVnNgzTeSOs8DPavpbYgEr/b0YL8/2GO3xJEhInFmhKMUnEJQjZumK7KXGFhUy89PrsJWlakBVg==
  
  classnames@*, classnames@^2.2.5, classnames@^2.3.2:
    version "2.3.2"
    resolved "https://registry.yarnpkg.com/classnames/-/classnames-2.3.2.tgz#351d813bf0137fcc6a76a16b88208d2560a0d924"
    integrity sha512-CSbhY4cFEJRe6/GQzIk5qXZ4Jeg5pcsP7b5peFSDpffpe1cqjASH/n9UTjBwOp6XpMSTwQ8Za2K5V02ueA7Tmw==
  
  clean-webpack-plugin@^3.0.0:
    version "3.0.0"
    resolved "https://registry.yarnpkg.com/clean-webpack-plugin/-/clean-webpack-plugin-3.0.0.tgz#a99d8ec34c1c628a4541567aa7b457446460c62b"
    integrity sha512-MciirUH5r+cYLGCOL5JX/ZLzOZbVr1ot3Fw+KcvbhUb6PM+yycqd9ZhIlcigQ5gl+XhppNmw3bEFuaaMNyLj3A==
    dependencies:
      "@types/webpack" "^4.4.31"
      del "^4.1.1"
  
  cli-cursor@^4.0.0:
    version "4.0.0"
    resolved "https://registry.yarnpkg.com/cli-cursor/-/cli-cursor-4.0.0.tgz#3cecfe3734bf4fe02a8361cbdc0f6fe28c6a57ea"
    integrity sha512-VGtlMu3x/4DOtIUwEkRezxUZ2lBacNJCHash0N0WeZDBS+7Ux1dm3XWAgWYxLJFMMdOeXMHXorshEFhbMSGelg==
    dependencies:
      restore-cursor "^4.0.0"
  
  cli-truncate@^3.1.0:
    version "3.1.0"
    resolved "https://registry.yarnpkg.com/cli-truncate/-/cli-truncate-3.1.0.tgz#3f23ab12535e3d73e839bb43e73c9de487db1389"
    integrity sha512-wfOBkjXteqSnI59oPcJkcPl/ZmwvMMOj340qUIY1SKZCv0B9Cf4D4fAucRkIKQmsIuYK3x1rrgU7MeGRruiuiA==
    dependencies:
      slice-ansi "^5.0.0"
      string-width "^5.0.0"
  
  client-only@0.0.1, client-only@^0.0.1:
    version "0.0.1"
    resolved "https://registry.yarnpkg.com/client-only/-/client-only-0.0.1.tgz#38bba5d403c41ab150bff64a95c85013cf73bca1"
    integrity sha512-IV3Ou0jSMzZrd3pZ48nLkT9DA7Ag1pnPzaiQhpW7c3RbcqqzvzzVu+L8gfqMp/8IM2MQtSiqaCxrrcfu8I8rMA==
  
  color-convert@^1.9.0:
    version "1.9.3"
    resolved "https://registry.yarnpkg.com/color-convert/-/color-convert-1.9.3.tgz#bb71850690e1f136567de629d2d5471deda4c1e8"
    integrity sha512-QfAUtd+vFdAtFQcC8CCyYt1fYWxSqAiK2cSD6zDB8N3cpsEBAvRxp9zOGg6G/SHHJYAT88/az/IuDGALsNVbGg==
    dependencies:
      color-name "1.1.3"
  
  color-convert@^2.0.1:
    version "2.0.1"
    resolved "https://registry.yarnpkg.com/color-convert/-/color-convert-2.0.1.tgz#72d3a68d598c9bdb3af2ad1e84f21d896abd4de3"
    integrity sha512-RRECPsj7iu/xb5oKYcsFHSppFNnsj/52OVTRKb4zP5onXwVF3zVmmToNcOfGC+CRDpfK/U584fMg38ZHCaElKQ==
    dependencies:
      color-name "~1.1.4"
  
  color-name@1.1.3:
    version "1.1.3"
    resolved "https://registry.yarnpkg.com/color-name/-/color-name-1.1.3.tgz#a7d0558bd89c42f795dd42328f740831ca53bc25"
    integrity sha512-72fSenhMw2HZMTVHeCA9KCmpEIbzWiQsjN+BHcBbS9vr1mtt+vJjPdksIBNUmKAW8TFUDPJK5SUU3QhE9NEXDw==
  
  color-name@^1.0.0, color-name@~1.1.4:
    version "1.1.4"
    resolved "https://registry.yarnpkg.com/color-name/-/color-name-1.1.4.tgz#c2a09a87acbde69543de6f63fa3995c826c536a2"
    integrity sha512-dOy+3AuW3a2wNbZHIuMZpTcgjGuLU/uBL/ubcZF9OXbDo8ff4O8yVp5Bf0efS8uEoYo5q4Fx7dY9OgQGXgAsQA==
  
  color-string@^1.9.0:
    version "1.9.1"
    resolved "https://registry.yarnpkg.com/color-string/-/color-string-1.9.1.tgz#4467f9146f036f855b764dfb5bf8582bf342c7a4"
    integrity sha512-shrVawQFojnZv6xM40anx4CkoDP+fZsw/ZerEMsW/pyzsRbElpsL/DBVW7q3ExxwusdNXI3lXpuhEZkzs8p5Eg==
    dependencies:
      color-name "^1.0.0"
      simple-swizzle "^0.2.2"
  
  color@^4.2.3:
    version "4.2.3"
    resolved "https://registry.yarnpkg.com/color/-/color-4.2.3.tgz#d781ecb5e57224ee43ea9627560107c0e0c6463a"
    integrity sha512-1rXeuUUiGGrykh+CeBdu5Ie7OJwinCgQY0bc7GCRxy5xVHy+moaqkpL/jqQq0MtQOeYcrqEz4abc5f0KtU7W4A==
    dependencies:
      color-convert "^2.0.1"
      color-string "^1.9.0"
  
  colorette@^2.0.20:
    version "2.0.20"
    resolved "https://registry.yarnpkg.com/colorette/-/colorette-2.0.20.tgz#9eb793e6833067f7235902fcd3b09917a000a95a"
    integrity sha512-IfEDxwoWIjkeXL1eXcDiow4UbKjhLdq6/EuSVR9GMN7KVH3r9gQ83e73hsz1Nd1T3ijd5xv1wcWRYO+D6kCI2w==
  
  combined-stream@^1.0.8:
    version "1.0.8"
    resolved "https://registry.yarnpkg.com/combined-stream/-/combined-stream-1.0.8.tgz#c3d45a8b34fd730631a110a8a2520682b31d5a7f"
    integrity sha512-FQN4MRfuJeHf7cBbBMJFXhKSDq+2kAArBlmRBvcvFE5BB1HZKXtSFASDhdlz9zOYwxh8lDdnvmMOe/+5cdoEdg==
    dependencies:
      delayed-stream "~1.0.0"
  
  commander@11.0.0:
    version "11.0.0"
    resolved "https://registry.yarnpkg.com/commander/-/commander-11.0.0.tgz#43e19c25dbedc8256203538e8d7e9346877a6f67"
    integrity sha512-9HMlXtt/BNoYr8ooyjjNRdIilOTkVJXB+GhxMTtOKwk0R4j4lS4NpjuqmRxroBfnfTSHQIHQB7wryHhXarNjmQ==
  
  commander@^2.20.0:
    version "2.20.3"
    resolved "https://registry.yarnpkg.com/commander/-/commander-2.20.3.tgz#fd485e84c03eb4881c20722ba48035e8531aeb33"
    integrity sha512-GpVkmM8vF2vQUkj2LvZmD35JxeJOLCwJ9cUkugyk2nuhbv3+mJvpLYYt+0+USMxE+oj+ey/lJEnhZw75x/OMcQ==
  
  commander@^4.0.0:
    version "4.1.1"
    resolved "https://registry.yarnpkg.com/commander/-/commander-4.1.1.tgz#9fd602bd936294e9e9ef46a3f4d6964044b18068"
    integrity sha512-NOKm8xhkzAjzFx8B2v5OAHT+u5pRQc2UCa2Vq9jYL/31o2wi9mxBA7LIFs3sV5VSC49z6pEhfbMULvShKj26WA==
  
  common-tags@^1.8.0:
    version "1.8.2"
    resolved "https://registry.yarnpkg.com/common-tags/-/common-tags-1.8.2.tgz#94ebb3c076d26032745fd54face7f688ef5ac9c6"
    integrity sha512-gk/Z852D2Wtb//0I+kRFNKKE9dIIVirjoqPoA1wJU+XePVXZfGeBpk45+A1rKO4Q43prqWBNY/MiIeRLbPWUaA==
  
  concat-map@0.0.1:
    version "0.0.1"
    resolved "https://registry.yarnpkg.com/concat-map/-/concat-map-0.0.1.tgz#d8a96bd77fd68df7793a73036a3ba0d5405d477b"
    integrity sha512-/Srv4dswyQNBfohGpz9o6Yb3Gz3SrUDqBH5rTuhGR7ahtlbYKnVxw2bCFMRljaA7EXHaXZ8wsHdodFvbkhKmqg==
  
  convert-source-map@^1.7.0:
    version "1.9.0"
    resolved "https://registry.yarnpkg.com/convert-source-map/-/convert-source-map-1.9.0.tgz#7faae62353fb4213366d0ca98358d22e8368b05f"
    integrity sha512-ASFBup0Mz1uyiIjANan1jzLQami9z1PoYSZCiiYW2FczPbenXc45FZdBZLzOT+r6+iciuEModtmCti+hjaAk0A==
  
  copy-to-clipboard@^3.3.1:
    version "3.3.3"
    resolved "https://registry.yarnpkg.com/copy-to-clipboard/-/copy-to-clipboard-3.3.3.tgz#55ac43a1db8ae639a4bd99511c148cdd1b83a1b0"
    integrity sha512-2KV8NhB5JqC3ky0r9PMCAZKbUHSwtEo4CwCs0KXgruG43gX5PMqDEBbVU4OUzw2MuAWUfsuFmWvEKG5QRfSnJA==
    dependencies:
      toggle-selection "^1.0.6"
  
  core-js-compat@^3.31.0:
    version "3.32.1"
    resolved "https://registry.yarnpkg.com/core-js-compat/-/core-js-compat-3.32.1.tgz#55f9a7d297c0761a8eb1d31b593e0f5b6ffae964"
    integrity sha512-GSvKDv4wE0bPnQtjklV101juQ85g6H3rm5PDP20mqlS5j0kXF3pP97YvAu5hl+uFHqMictp3b2VxOHljWMAtuA==
    dependencies:
      browserslist "^4.21.10"
  
  core-js@^2.4.0:
    version "2.6.12"
    resolved "https://registry.yarnpkg.com/core-js/-/core-js-2.6.12.tgz#d9333dfa7b065e347cc5682219d6f690859cc2ec"
    integrity sha512-Kb2wC0fvsWfQrgk8HU5lW6U/Lcs8+9aaYcy4ZFc6DDlo4nZ7n70dEgE5rtR0oG6ufKDUnrwfWL1mXR5ljDatrQ==
  
  cross-fetch@^3.1.5:
    version "3.1.8"
    resolved "https://registry.yarnpkg.com/cross-fetch/-/cross-fetch-3.1.8.tgz#0327eba65fd68a7d119f8fb2bf9334a1a7956f82"
    integrity sha512-cvA+JwZoU0Xq+h6WkMvAUqPEYy92Obet6UdKLfW60qn99ftItKjB5T+BkyWOFWe2pUyfQ+IJHmpOTznqk1M6Kg==
    dependencies:
      node-fetch "^2.6.12"
  
  cross-fetch@^4.0.0:
    version "4.0.0"
    resolved "https://registry.yarnpkg.com/cross-fetch/-/cross-fetch-4.0.0.tgz#f037aef1580bb3a1a35164ea2a848ba81b445983"
    integrity sha512-e4a5N8lVvuLgAWgnCrLr2PP0YyDOTHa9H/Rj54dirp61qXnNq46m82bRhNqIA5VccJtWBvPTFRV3TtvHUKPB1g==
    dependencies:
      node-fetch "^2.6.12"
  
  cross-spawn@^7.0.3:
    version "7.0.3"
    resolved "https://registry.yarnpkg.com/cross-spawn/-/cross-spawn-7.0.3.tgz#f73a85b9d5d41d045551c177e2882d4ac85728a6"
    integrity sha512-iRDPJKUPVEND7dHPO8rkbOnPpyDygcDFtWjpeWNCgy8WP2rXcxXL8TskReQl6OrB2G7+UJrags1q15Fudc7G6w==
    dependencies:
      path-key "^3.1.0"
      shebang-command "^2.0.0"
      which "^2.0.1"
  
  crypto-random-string@^1.0.0:
    version "1.0.0"
    resolved "https://registry.yarnpkg.com/crypto-random-string/-/crypto-random-string-1.0.0.tgz#a230f64f568310e1498009940790ec99545bca7e"
    integrity sha512-GsVpkFPlycH7/fRR7Dhcmnoii54gV1nz7y4CWyeFS14N+JVBBhY+r8amRHE4BwSYal7BPTDp8isvAlCxyFt3Hg==
  
  css-color-keywords@^1.0.0:
    version "1.0.0"
    resolved "https://registry.yarnpkg.com/css-color-keywords/-/css-color-keywords-1.0.0.tgz#fea2616dc676b2962686b3af8dbdbe180b244e05"
    integrity sha512-FyyrDHZKEjXDpNJYvVsV960FiqQyXc/LlYmsxl2BcdMb2WPx0OGRVgTg55rPSyLSNMqP52R9r8geSp7apN3Ofg==
  
  css-in-js-utils@^3.1.0:
    version "3.1.0"
    resolved "https://registry.yarnpkg.com/css-in-js-utils/-/css-in-js-utils-3.1.0.tgz#640ae6a33646d401fc720c54fc61c42cd76ae2bb"
    integrity sha512-fJAcud6B3rRu+KHYk+Bwf+WFL2MDCJJ1XG9x137tJQ0xYxor7XziQtuGFbWNdqrvF4Tk26O3H73nfVqXt/fW1A==
    dependencies:
      hyphenate-style-name "^1.0.3"
  
  css-to-react-native@^3.0.0:
    version "3.2.0"
    resolved "https://registry.yarnpkg.com/css-to-react-native/-/css-to-react-native-3.2.0.tgz#cdd8099f71024e149e4f6fe17a7d46ecd55f1e32"
    integrity sha512-e8RKaLXMOFii+02mOlqwjbD00KSEKqblnpO9e++1aXS1fPQOpS1YoqdVHBqPjHNoxeF2mimzVqawm2KCbEdtHQ==
    dependencies:
      camelize "^1.0.0"
      css-color-keywords "^1.0.0"
      postcss-value-parser "^4.0.2"
  
  css-tree@^1.1.2:
    version "1.1.3"
    resolved "https://registry.yarnpkg.com/css-tree/-/css-tree-1.1.3.tgz#eb4870fb6fd7707327ec95c2ff2ab09b5e8db91d"
    integrity sha512-tRpdppF7TRazZrjJ6v3stzv93qxRcSsFmW6cX0Zm2NVKpxE1WV1HblnghVv9TreireHkqI/VDEsfolRF1p6y7Q==
    dependencies:
      mdn-data "2.0.14"
      source-map "^0.6.1"
  
  css-unit-converter@^1.1.1:
    version "1.1.2"
    resolved "https://registry.yarnpkg.com/css-unit-converter/-/css-unit-converter-1.1.2.tgz#4c77f5a1954e6dbff60695ecb214e3270436ab21"
    integrity sha512-IiJwMC8rdZE0+xiEZHeru6YoONC4rfPMqGm2W85jMIbkFvv5nFTwJVFHam2eFrN6txmoUYFAFXiv8ICVeTO0MA==
  
  cssesc@^3.0.0:
    version "3.0.0"
    resolved "https://registry.yarnpkg.com/cssesc/-/cssesc-3.0.0.tgz#37741919903b868565e1c09ea747445cd18983ee"
    integrity sha512-/Tb/JcjK111nNScGob5MNtsntNM1aCNUDipB/TkwZFhyDrrE47SOx/18wF2bbjgc3ZzCSKW1T5nt5EbFoAz/Vg==
  
  csstype@^3.0.2, csstype@^3.0.6:
    version "3.1.2"
    resolved "https://registry.yarnpkg.com/csstype/-/csstype-3.1.2.tgz#1d4bf9d572f11c14031f0436e1c10bc1f571f50b"
    integrity sha512-I7K1Uu0MBPzaFKg4nI5Q7Vs2t+3gWWW648spaF+Rg7pI9ds18Ugn+lvg4SHczUdKlHI5LWBXyqfS8+DufyBsgQ==
  
  "d3-array@2 - 3", "d3-array@2.10.0 - 3", d3-array@^3.1.6:
    version "3.2.4"
    resolved "https://registry.yarnpkg.com/d3-array/-/d3-array-3.2.4.tgz#15fec33b237f97ac5d7c986dc77da273a8ed0bb5"
    integrity sha512-tdQAmyA18i4J7wprpYq8ClcxZy3SC31QMeByyCFyRt7BVHdREQZ5lpzoe5mFEYZUWe+oq8HBvk9JjpibyEV4Jg==
    dependencies:
      internmap "1 - 2"
  
  "d3-color@1 - 3":
    version "3.1.0"
    resolved "https://registry.yarnpkg.com/d3-color/-/d3-color-3.1.0.tgz#395b2833dfac71507f12ac2f7af23bf819de24e2"
    integrity sha512-zg/chbXyeBtMQ1LbD/WSoW2DpC3I0mpmPdW+ynRTj/x2DAWYrIY7qeZIHidozwV24m4iavr15lNwIwLxRmOxhA==
  
  d3-ease@^3.0.1:
    version "3.0.1"
    resolved "https://registry.yarnpkg.com/d3-ease/-/d3-ease-3.0.1.tgz#9658ac38a2140d59d346160f1f6c30fda0bd12f4"
    integrity sha512-wR/XK3D3XcLIZwpbvQwQ5fK+8Ykds1ip7A2Txe0yxncXSdq1L9skcG7blcedkOX+ZcgxGAmLX1FrRGbADwzi0w==
  
  "d3-format@1 - 3":
    version "3.1.0"
    resolved "https://registry.yarnpkg.com/d3-format/-/d3-format-3.1.0.tgz#9260e23a28ea5cb109e93b21a06e24e2ebd55641"
    integrity sha512-YyUI6AEuY/Wpt8KWLgZHsIU86atmikuoOmCfommt0LYHiQSPjvX2AcFc38PX0CBpr2RCyZhjex+NS/LPOv6YqA==
  
  "d3-interpolate@1.2.0 - 3", d3-interpolate@^3.0.1:
    version "3.0.1"
    resolved "https://registry.yarnpkg.com/d3-interpolate/-/d3-interpolate-3.0.1.tgz#3c47aa5b32c5b3dfb56ef3fd4342078a632b400d"
    integrity sha512-3bYs1rOD33uo8aqJfKP3JWPAibgw8Zm2+L9vBKEHJ2Rg+viTR7o5Mmv5mZcieN+FRYaAOWX5SJATX6k1PWz72g==
    dependencies:
      d3-color "1 - 3"
  
  d3-path@^3.1.0:
    version "3.1.0"
    resolved "https://registry.yarnpkg.com/d3-path/-/d3-path-3.1.0.tgz#22df939032fb5a71ae8b1800d61ddb7851c42526"
    integrity sha512-p3KP5HCf/bvjBSSKuXid6Zqijx7wIfNW+J/maPs+iwR35at5JCbLUT0LzF1cnjbCHWhqzQTIN2Jpe8pRebIEFQ==
  
  d3-scale@^4.0.2:
    version "4.0.2"
    resolved "https://registry.yarnpkg.com/d3-scale/-/d3-scale-4.0.2.tgz#82b38e8e8ff7080764f8dcec77bd4be393689396"
    integrity sha512-GZW464g1SH7ag3Y7hXjf8RoUuAFIqklOAq3MRl4OaWabTFJY9PN/E1YklhXLh+OQ3fM9yS2nOkCoS+WLZ6kvxQ==
    dependencies:
      d3-array "2.10.0 - 3"
      d3-format "1 - 3"
      d3-interpolate "1.2.0 - 3"
      d3-time "2.1.1 - 3"
      d3-time-format "2 - 4"
  
  d3-shape@^3.1.0:
    version "3.2.0"
    resolved "https://registry.yarnpkg.com/d3-shape/-/d3-shape-3.2.0.tgz#a1a839cbd9ba45f28674c69d7f855bcf91dfc6a5"
    integrity sha512-SaLBuwGm3MOViRq2ABk3eLoxwZELpH6zhl3FbAoJ7Vm1gofKx6El1Ib5z23NUEhF9AsGl7y+dzLe5Cw2AArGTA==
    dependencies:
      d3-path "^3.1.0"
  
  "d3-time-format@2 - 4":
    version "4.1.0"
    resolved "https://registry.yarnpkg.com/d3-time-format/-/d3-time-format-4.1.0.tgz#7ab5257a5041d11ecb4fe70a5c7d16a195bb408a"
    integrity sha512-dJxPBlzC7NugB2PDLwo9Q8JiTR3M3e4/XANkreKSUxF8vvXKqm1Yfq4Q5dl8budlunRVlUUaDUgFt7eA8D6NLg==
    dependencies:
      d3-time "1 - 3"
  
  "d3-time@1 - 3", "d3-time@2.1.1 - 3", d3-time@^3.0.0:
    version "3.1.0"
    resolved "https://registry.yarnpkg.com/d3-time/-/d3-time-3.1.0.tgz#9310db56e992e3c0175e1ef385e545e48a9bb5c7"
    integrity sha512-VqKjzBLejbSMT4IgbmVgDjpkYrNWUYJnbCGo874u7MMKIWsILRX+OpX/gTk8MqjpT1A/c6HY2dCA77ZN0lkQ2Q==
    dependencies:
      d3-array "2 - 3"
  
  d3-timer@^3.0.1:
    version "3.0.1"
    resolved "https://registry.yarnpkg.com/d3-timer/-/d3-timer-3.0.1.tgz#6284d2a2708285b1abb7e201eda4380af35e63b0"
    integrity sha512-ndfJ/JxxMd3nw31uyKoY2naivF+r29V+Lc0svZxe1JvvIRmi8hUsrMvdOwgS1o6uBHmiz91geQ0ylPP0aj1VUA==
  
  date-fns@^2.29.3:
    version "2.30.0"
    resolved "https://registry.yarnpkg.com/date-fns/-/date-fns-2.30.0.tgz#f367e644839ff57894ec6ac480de40cae4b0f4d0"
    integrity sha512-fnULvOpxnC5/Vg3NCiWelDsLiUc9bRwAPs/+LfTLNvetFCtCTN+yQz15C/fs4AwX1R9K5GLtLfn8QW+dWisaAw==
    dependencies:
      "@babel/runtime" "^7.21.0"
  
  dayjs@^1.11.5:
    version "1.11.9"
    resolved "https://registry.yarnpkg.com/dayjs/-/dayjs-1.11.9.tgz#9ca491933fadd0a60a2c19f6c237c03517d71d1a"
    integrity sha512-QvzAURSbQ0pKdIye2txOzNaHmxtUBXerpY0FJsFXUMKbIZeFm5ht1LS/jFsrncjnmtv8HsG0W2g6c0zUjZWmpA==
  
  debug@4.3.4, debug@^4.1.0, debug@^4.1.1:
    version "4.3.4"
    resolved "https://registry.yarnpkg.com/debug/-/debug-4.3.4.tgz#1319f6579357f2338d3337d2cdd4914bb5dcc865"
    integrity sha512-PRWFHuSU3eDtQJPvnNY7Jcket1j0t5OuOsFzPPzsekD52Zl8qUfFIPEiswXqIvHWGVHOgX+7G/vCNNhehwxfkQ==
    dependencies:
      ms "2.1.2"
  
  debug@^2.1.3:
    version "2.6.9"
    resolved "https://registry.yarnpkg.com/debug/-/debug-2.6.9.tgz#5d128515df134ff327e90a4c93f4e077a536341f"
    integrity sha512-bC7ElrdJaJnPbAP+1EotYvqZsb3ecl5wi6Bfi6BJTUcNowp6cvspg0jXznRTKDjm/E7AdgFBVeAPVMNcKGsHMA==
    dependencies:
      ms "2.0.0"
  
  decimal.js-light@^2.4.1:
    version "2.5.1"
    resolved "https://registry.yarnpkg.com/decimal.js-light/-/decimal.js-light-2.5.1.tgz#134fd32508f19e208f4fb2f8dac0d2626a867934"
    integrity sha512-qIMFpTMZmny+MMIitAB6D7iVPEorVw6YQRWkvarTkT4tBeSLLiHzcwj6q0MmYSFCiVpiqPJTJEYIrpcPzVEIvg==
  
  decode-uri-component@^0.2.0:
    version "0.2.2"
    resolved "https://registry.yarnpkg.com/decode-uri-component/-/decode-uri-component-0.2.2.tgz#e69dbe25d37941171dd540e024c444cd5188e1e9"
    integrity sha512-FqUYQ+8o158GyGTrMFJms9qh3CqTKvAqgqsTnkLI8sKu0028orqBhxNMFkFen0zGyg6epACD32pjVk58ngIErQ==
  
  decompress-response@^6.0.0:
    version "6.0.0"
    resolved "https://registry.yarnpkg.com/decompress-response/-/decompress-response-6.0.0.tgz#ca387612ddb7e104bd16d85aab00d5ecf09c66fc"
    integrity sha512-aW35yZM6Bb/4oJlZncMH2LCoZtJXTRxES17vE3hoRiowU2kWHaJKFkSBDnDR+cm9J+9QhXmREyIfv0pji9ejCQ==
    dependencies:
      mimic-response "^3.1.0"
  
  deep-extend@^0.6.0:
    version "0.6.0"
    resolved "https://registry.yarnpkg.com/deep-extend/-/deep-extend-0.6.0.tgz#c4fa7c95404a17a9c3e8ca7e1537312b736330ac"
    integrity sha512-LOHxIOaPYdHlJRtCQfDIVZtfw/ufM8+rVj649RIHzcm/vGwQRXFt6OPqIFWsm2XEMrNIEtWR64sY1LEKD2vAOA==
  
  del@^4.1.1:
    version "4.1.1"
    resolved "https://registry.yarnpkg.com/del/-/del-4.1.1.tgz#9e8f117222ea44a31ff3a156c049b99052a9f0b4"
    integrity sha512-QwGuEUouP2kVwQenAsOof5Fv8K9t3D8Ca8NxcXKrIpEHjTXK5J2nXLdP+ALI1cgv8wj7KuwBhTwBkOZSJKM5XQ==
    dependencies:
      "@types/glob" "^7.1.1"
      globby "^6.1.0"
      is-path-cwd "^2.0.0"
      is-path-in-cwd "^2.0.0"
      p-map "^2.0.0"
      pify "^4.0.1"
      rimraf "^2.6.3"
  
  delayed-stream@~1.0.0:
    version "1.0.0"
    resolved "https://registry.yarnpkg.com/delayed-stream/-/delayed-stream-1.0.0.tgz#df3ae199acadfb7d440aaae0b29e2272b24ec619"
    integrity sha512-ZySD7Nf91aLB0RxL4KGrKHBXl7Eds1DAmEdcoVawXnLD7SDhpNgtuII2aAkg7a7QS41jxPSZ17p4VdGnMHk3MQ==
  
  detect-browser@5.2.0:
    version "5.2.0"
    resolved "https://registry.yarnpkg.com/detect-browser/-/detect-browser-5.2.0.tgz#c9cd5afa96a6a19fda0bbe9e9be48a6b6e1e9c97"
    integrity sha512-tr7XntDAu50BVENgQfajMLzacmSe34D+qZc4zjnniz0ZVuw/TZcLcyxHQjYpJTM36sGEkZZlYLnIM1hH7alTMA==
  
  detect-browser@^5.1.0:
    version "5.3.0"
    resolved "https://registry.yarnpkg.com/detect-browser/-/detect-browser-5.3.0.tgz#9705ef2bddf46072d0f7265a1fe300e36fe7ceca"
    integrity sha512-53rsFbGdwMwlF7qvCt0ypLM5V5/Mbl0szB7GPN8y9NCcbknYOeVVXdrXEq+90IwAfrrzt6Hd+u2E2ntakICU8w==
  
  detect-libc@^2.0.0, detect-libc@^2.0.2:
    version "2.0.2"
    resolved "https://registry.yarnpkg.com/detect-libc/-/detect-libc-2.0.2.tgz#8ccf2ba9315350e1241b88d0ac3b0e1fbd99605d"
    integrity sha512-UX6sGumvvqSaXgdKGUsgZWqcUyIXZ/vZTrlRT/iobiKhGL0zL4d3osHj3uqllWJK+i+sixDS/3COVEOFbupFyw==
  
  detect-node@^2.0.4, detect-node@^2.1.0:
    version "2.1.0"
    resolved "https://registry.yarnpkg.com/detect-node/-/detect-node-2.1.0.tgz#c9c70775a49c3d03bc2c06d9a73be550f978f8b1"
    integrity sha512-T0NIuQpnTvFDATNuHN5roPwSBG83rFsuO+MXXH9/3N1eFbn4wcPjttvjMLEPWJ0RGUYgQE7cGgS3tNxbqCGM7g==
  
  didyoumean@^1.2.2:
    version "1.2.2"
    resolved "https://registry.yarnpkg.com/didyoumean/-/didyoumean-1.2.2.tgz#989346ffe9e839b4555ecf5666edea0d3e8ad037"
    integrity sha512-gxtyfqMg7GKyhQmb056K7M3xszy/myH8w+B4RT+QXBQsvAOdc3XymqDDPHx1BgPgsdAA5SIifona89YtRATDzw==
  
  dir-glob@^3.0.1:
    version "3.0.1"
    resolved "https://registry.yarnpkg.com/dir-glob/-/dir-glob-3.0.1.tgz#56dbf73d992a4a93ba1584f4534063fd2e41717f"
    integrity sha512-WkrWp9GR4KXfKGYzOLmTuGVi1UWFfws377n9cc55/tb6DuqyF6pcQ5AbiHEshaDpY9v6oaSr2XCDidGmMwdzIA==
    dependencies:
      path-type "^4.0.0"
  
  dlv@^1.1.3:
    version "1.1.3"
    resolved "https://registry.yarnpkg.com/dlv/-/dlv-1.1.3.tgz#5c198a8a11453596e751494d49874bc7732f2e79"
    integrity sha512-+HlytyjlPKnIG8XuRG8WvmBP8xs8P71y+SKKS6ZXWoEgLuePxtDoUEiH7WkdePWrQ5JBpE6aoVqfZfJUQkjXwA==
  
  dom-helpers@^3.4.0:
    version "3.4.0"
    resolved "https://registry.yarnpkg.com/dom-helpers/-/dom-helpers-3.4.0.tgz#e9b369700f959f62ecde5a6babde4bccd9169af8"
    integrity sha512-LnuPJ+dwqKDIyotW1VzmOZ5TONUN7CwkCR5hrgawTUbkBGYdeoNLZo6nNfGkCrjtE1nXXaj7iMMpDa8/d9WoIA==
    dependencies:
      "@babel/runtime" "^7.1.2"
  
  dom7@^4.0.4:
    version "4.0.6"
    resolved "https://registry.yarnpkg.com/dom7/-/dom7-4.0.6.tgz#091a51621d7a19ce0fb86045cafb3c10035e97ed"
    integrity sha512-emjdpPLhpNubapLFdjNL9tP06Sr+GZkrIHEXLWvOGsytACUrkbeIdjO5g77m00BrHTznnlcNqgmn7pCN192TBA==
    dependencies:
      ssr-window "^4.0.0"
  
  eastasianwidth@^0.2.0:
    version "0.2.0"
    resolved "https://registry.yarnpkg.com/eastasianwidth/-/eastasianwidth-0.2.0.tgz#696ce2ec0aa0e6ea93a397ffcf24aa7840c827cb"
    integrity sha512-I88TYZWc9XiYHRQ4/3c5rjjfgkjhLyW2luGIheGERbNQ6OY7yTybanSpDXZa8y7VUP9YmDcYa+eyq4ca7iLqWA==
  
  ejs@^2.6.1:
    version "2.7.4"
    resolved "https://registry.yarnpkg.com/ejs/-/ejs-2.7.4.tgz#48661287573dcc53e366c7a1ae52c3a120eec9ba"
    integrity sha512-7vmuyh5+kuUyJKePhQfRQBhXV5Ce+RnaeeQArKu1EAMpL3WbgMt5WG6uQZpEVvYSSsxMXRKOewtDk9RaTKXRlA==
  
  electron-to-chromium@^1.4.477:
    version "1.4.499"
    resolved "https://registry.yarnpkg.com/electron-to-chromium/-/electron-to-chromium-1.4.499.tgz#dc36b67f4c8e273524e8d2080c5203a6a76987b6"
    integrity sha512-0NmjlYBLKVHva4GABWAaHuPJolnDuL0AhV3h1hES6rcLCWEIbRL6/8TghfsVwkx6TEroQVdliX7+aLysUpKvjw==
  
  elliptic@6.5.4:
    version "6.5.4"
    resolved "https://registry.yarnpkg.com/elliptic/-/elliptic-6.5.4.tgz#da37cebd31e79a1367e941b592ed1fbebd58abbb"
    integrity sha512-iLhC6ULemrljPZb+QutR5TQGB+pdW6KGD5RSegS+8sorOZT+rdQFbsQFJgvN3eRqNALqJer4oQ16YvJHlU8hzQ==
    dependencies:
      bn.js "^4.11.9"
      brorand "^1.1.0"
      hash.js "^1.0.0"
      hmac-drbg "^1.0.1"
      inherits "^2.0.4"
      minimalistic-assert "^1.0.1"
      minimalistic-crypto-utils "^1.0.1"
  
  emoji-regex@^9.2.2:
    version "9.2.2"
    resolved "https://registry.yarnpkg.com/emoji-regex/-/emoji-regex-9.2.2.tgz#840c8803b0d8047f4ff0cf963176b32d4ef3ed72"
    integrity sha512-L18DaJsXSUk2+42pv8mLs5jJT2hqFkFE4j21wOmgbUqsZ2hL72NsUU785g9RXgo3s0ZNgVl42TiHp3ZtOv/Vyg==
  
  end-of-stream@^1.1.0, end-of-stream@^1.4.1:
    version "1.4.4"
    resolved "https://registry.yarnpkg.com/end-of-stream/-/end-of-stream-1.4.4.tgz#5ae64a5f45057baf3626ec14da0ca5e4b2431eb0"
    integrity sha512-+uw1inIHVPQoaVuHzRyXd21icM+cnt4CzD5rW+NC1wjOUSTOs+Te7FOv7AhN7vS9x/oIyhLP5PR1H+phQAHu5Q==
    dependencies:
      once "^1.4.0"
  
  error-stack-parser@^2.0.6:
    version "2.1.4"
    resolved "https://registry.yarnpkg.com/error-stack-parser/-/error-stack-parser-2.1.4.tgz#229cb01cdbfa84440bfa91876285b94680188286"
    integrity sha512-Sk5V6wVazPhq5MhpO+AUxJn5x7XSXGl1R93Vn7i+zS15KDVxQijejNCrz8340/2bgLBjR9GtEG8ZVKONDjcqGQ==
    dependencies:
      stackframe "^1.3.4"
  
  escalade@^3.1.1:
    version "3.1.1"
    resolved "https://registry.yarnpkg.com/escalade/-/escalade-3.1.1.tgz#d8cfdc7000965c5a0174b4a82eaa5c0552742e40"
    integrity sha512-k0er2gUkLf8O0zKJiAhmkTnJlTvINGv7ygDNPbeIsX/TJjGJZHuh9B2UxbsaEkmlEo9MfhrSzmhIlhRlI2GXnw==
  
  escape-string-regexp@^1.0.5:
    version "1.0.5"
    resolved "https://registry.yarnpkg.com/escape-string-regexp/-/escape-string-regexp-1.0.5.tgz#1b61c0562190a8dff6ae3bb2cf0200ca130b86d4"
    integrity sha512-vbRorB5FUQWvla16U8R/qgaFIya2qGzwDrNmCZuYKrbdSUMG6I1ZCGQRefkRVhuOkIGVne7BQ35DSfo1qvJqFg==
  
  estree-walker@^0.6.1:
    version "0.6.1"
    resolved "https://registry.yarnpkg.com/estree-walker/-/estree-walker-0.6.1.tgz#53049143f40c6eb918b23671d1fe3219f3a1b362"
    integrity sha512-SqmZANLWS0mnatqbSfRP5g8OXZC12Fgg1IwNtLsyHDzJizORW4khDfjPqJZsemPWBB2uqykUah5YpQ6epsqC/w==
  
  estree-walker@^1.0.1:
    version "1.0.1"
    resolved "https://registry.yarnpkg.com/estree-walker/-/estree-walker-1.0.1.tgz#31bc5d612c96b704106b477e6dd5d8aa138cb700"
    integrity sha512-1fMXF3YP4pZZVozF8j/ZLfvnR8NSIljt56UhbZ5PeeDmmGHpgpdwQt7ITlGvYaQukCvuBRMLEiKiYC+oeIg4cg==
  
  esutils@^2.0.2:
    version "2.0.3"
    resolved "https://registry.yarnpkg.com/esutils/-/esutils-2.0.3.tgz#74d2eb4de0b8da1293711910d50775b9b710ef64"
    integrity sha512-kVscqXk4OCp68SZ0dkgEKVi6/8ij300KBWTJq32P/dYeWTSwK41WyTxalN1eRmA5Z9UU/LX9D7FWSmV9SAYx6g==
  
  ethers@^5.7.1:
    version "5.7.2"
    resolved "https://registry.yarnpkg.com/ethers/-/ethers-5.7.2.tgz#3a7deeabbb8c030d4126b24f84e525466145872e"
    integrity sha512-wswUsmWo1aOK8rR7DIKiWSw9DbLWe6x98Jrn8wcTflTVvaXhAMaB5zGAXy0GYQEQp9iO1iSHWVyARQm11zUtyg==
    dependencies:
      "@ethersproject/abi" "5.7.0"
      "@ethersproject/abstract-provider" "5.7.0"
      "@ethersproject/abstract-signer" "5.7.0"
      "@ethersproject/address" "5.7.0"
      "@ethersproject/base64" "5.7.0"
      "@ethersproject/basex" "5.7.0"
      "@ethersproject/bignumber" "5.7.0"
      "@ethersproject/bytes" "5.7.0"
      "@ethersproject/constants" "5.7.0"
      "@ethersproject/contracts" "5.7.0"
      "@ethersproject/hash" "5.7.0"
      "@ethersproject/hdnode" "5.7.0"
      "@ethersproject/json-wallets" "5.7.0"
      "@ethersproject/keccak256" "5.7.0"
      "@ethersproject/logger" "5.7.0"
      "@ethersproject/networks" "5.7.1"
      "@ethersproject/pbkdf2" "5.7.0"
      "@ethersproject/properties" "5.7.0"
      "@ethersproject/providers" "5.7.2"
      "@ethersproject/random" "5.7.0"
      "@ethersproject/rlp" "5.7.0"
      "@ethersproject/sha2" "5.7.0"
      "@ethersproject/signing-key" "5.7.0"
      "@ethersproject/solidity" "5.7.0"
      "@ethersproject/strings" "5.7.0"
      "@ethersproject/transactions" "5.7.0"
      "@ethersproject/units" "5.7.0"
      "@ethersproject/wallet" "5.7.0"
      "@ethersproject/web" "5.7.1"
      "@ethersproject/wordlists" "5.7.0"
  
  eventemitter3@^4.0.1:
    version "4.0.7"
    resolved "https://registry.yarnpkg.com/eventemitter3/-/eventemitter3-4.0.7.tgz#2de9b68f6528d5644ef5c59526a1b4a07306169f"
    integrity sha512-8guHBZCwKnFhYdHr2ysuRWErTwhoN2X8XELRlrRwpmfeY2jjuUN4taQMsULKUVo1K4DvZl+0pgfyoysHxvmvEw==
  
  eventemitter3@^5.0.1:
    version "5.0.1"
    resolved "https://registry.yarnpkg.com/eventemitter3/-/eventemitter3-5.0.1.tgz#53f5ffd0a492ac800721bb42c66b841de96423c4"
    integrity sha512-GWkBvjiSZK87ELrYOSESUYeVIc9mvLLf/nXalMOS5dYrgZq9o5OVkbZAVM06CVxYsCwH9BDZFPlQTlPA1j4ahA==
  
  execa@7.2.0:
    version "7.2.0"
    resolved "https://registry.yarnpkg.com/execa/-/execa-7.2.0.tgz#657e75ba984f42a70f38928cedc87d6f2d4fe4e9"
    integrity sha512-UduyVP7TLB5IcAQl+OzLyLcS/l32W/GLg+AhHJ+ow40FOk2U3SAllPwR44v4vmdFwIWqpdwxxpQbF1n5ta9seA==
    dependencies:
      cross-spawn "^7.0.3"
      get-stream "^6.0.1"
      human-signals "^4.3.0"
      is-stream "^3.0.0"
      merge-stream "^2.0.0"
      npm-run-path "^5.1.0"
      onetime "^6.0.0"
      signal-exit "^3.0.7"
      strip-final-newline "^3.0.0"
  
  expand-template@^2.0.3:
    version "2.0.3"
    resolved "https://registry.yarnpkg.com/expand-template/-/expand-template-2.0.3.tgz#6e14b3fcee0f3a6340ecb57d2e8918692052a47c"
    integrity sha512-XYfuKMvj4O35f/pOXLObndIRvyQ+/+6AhODh+OKWj9S9498pHHn/IMszH+gt0fBCRWMNfk1ZSp5x3AifmnI2vg==
  
  fast-deep-equal@^3.1.3:
    version "3.1.3"
    resolved "https://registry.yarnpkg.com/fast-deep-equal/-/fast-deep-equal-3.1.3.tgz#3a7d56b559d6cbc3eb512325244e619a65c6c525"
    integrity sha512-f3qQ9oQy9j2AhBe/H9VC91wLmKBCCU/gDOnKNAYG5hswO7BLKj09Hc5HYNz9cGI++xlpDCIgDaitVs03ATR84Q==
  
  fast-equals@^5.0.0:
    version "5.0.1"
    resolved "https://registry.yarnpkg.com/fast-equals/-/fast-equals-5.0.1.tgz#a4eefe3c5d1c0d021aeed0bc10ba5e0c12ee405d"
    integrity sha512-WF1Wi8PwwSY7/6Kx0vKXtw8RwuSGoM1bvDaJbu7MxDlR1vovZjIAKrnzyrThgAjm6JDTu0fVgWXDlMGspodfoQ==
  
  fast-fifo@^1.1.0, fast-fifo@^1.2.0:
    version "1.3.2"
    resolved "https://registry.yarnpkg.com/fast-fifo/-/fast-fifo-1.3.2.tgz#286e31de96eb96d38a97899815740ba2a4f3640c"
    integrity sha512-/d9sfos4yxzpwkDkuN7k2SqFKtYNmCTzgfEpz82x34IM9/zc8KGxQoXg1liNC/izpRM/MBdt44Nmx41ZWqk+FQ==
  
  fast-glob@^3.2.12, fast-glob@^3.2.9:
    version "3.3.1"
    resolved "https://registry.yarnpkg.com/fast-glob/-/fast-glob-3.3.1.tgz#784b4e897340f3dbbef17413b3f11acf03c874c4"
    integrity sha512-kNFPyjhh5cKjrUltxs+wFx+ZkbRaxxmZ+X0ZU31SOsxCEtP9VPgtq2teZw1DebupL5GmDaNQ6yKMMVcM41iqDg==
    dependencies:
      "@nodelib/fs.stat" "^2.0.2"
      "@nodelib/fs.walk" "^1.2.3"
      glob-parent "^5.1.2"
      merge2 "^1.3.0"
      micromatch "^4.0.4"
  
  fast-json-stable-stringify@^2.0.0, fast-json-stable-stringify@^2.1.0:
    version "2.1.0"
    resolved "https://registry.yarnpkg.com/fast-json-stable-stringify/-/fast-json-stable-stringify-2.1.0.tgz#874bf69c6f404c2b5d99c481341399fd55892633"
    integrity sha512-lhd/wF+Lk98HZoTCtlVraHtfh5XYijIjalXck7saUtuanSDyLMxnHhSXEDJqHxD7msR8D0uCmqlkwjCV8xvwHw==
  
  fast-loops@^1.1.3:
    version "1.1.3"
    resolved "https://registry.yarnpkg.com/fast-loops/-/fast-loops-1.1.3.tgz#ce96adb86d07e7bf9b4822ab9c6fac9964981f75"
    integrity sha512-8EZzEP0eKkEEVX+drtd9mtuQ+/QrlfW/5MlwcwK5Nds6EkZ/tRzEexkzUY2mIssnAyVLT+TKHuRXmFNNXYUd6g==
  
  fast-shallow-equal@^1.0.0:
    version "1.0.0"
    resolved "https://registry.yarnpkg.com/fast-shallow-equal/-/fast-shallow-equal-1.0.0.tgz#d4dcaf6472440dcefa6f88b98e3251e27f25628b"
    integrity sha512-HPtaa38cPgWvaCFmRNhlc6NG7pv6NUHqjPgVAkWGoB9mQMwYB27/K0CvOM5Czy+qpT3e8XJ6Q4aPAnzpNpzNaw==
  
  fastest-stable-stringify@^2.0.2:
    version "2.0.2"
    resolved "https://registry.yarnpkg.com/fastest-stable-stringify/-/fastest-stable-stringify-2.0.2.tgz#3757a6774f6ec8de40c4e86ec28ea02417214c76"
    integrity sha512-bijHueCGd0LqqNK9b5oCMHc0MluJAx0cwqASgbWMvkO01lCYgIhacVRLcaDz3QnyYIRNJRDwMb41VuT6pHJ91Q==
  
  fastq@^1.6.0:
    version "1.15.0"
    resolved "https://registry.yarnpkg.com/fastq/-/fastq-1.15.0.tgz#d04d07c6a2a68fe4599fea8d2e103a937fae6b3a"
    integrity sha512-wBrocU2LCXXa+lWBt8RoIRD89Fi8OdABODa/kEnyeyjS5aZO5/GNvI5sEINADqP/h8M29UHTHUb53sUu5Ihqdw==
    dependencies:
      reusify "^1.0.4"
  
  file-selector@^0.6.0:
    version "0.6.0"
    resolved "https://registry.yarnpkg.com/file-selector/-/file-selector-0.6.0.tgz#fa0a8d9007b829504db4d07dd4de0310b65287dc"
    integrity sha512-QlZ5yJC0VxHxQQsQhXvBaC7VRJ2uaxTf+Tfpu4Z/OcVQJVpZO+DGU0rkoVW5ce2SccxugvpBJoMvUs59iILYdw==
    dependencies:
      tslib "^2.4.0"
  
  fill-range@^7.0.1:
    version "7.0.1"
    resolved "https://registry.yarnpkg.com/fill-range/-/fill-range-7.0.1.tgz#1919a6a7c75fe38b2c7c77e5198535da9acdda40"
    integrity sha512-qOo9F+dMUmC2Lcb4BbVvnKJxTPjCm+RRpe4gDuGrzkL7mEVl/djYSu2OdQ2Pa302N4oqkSg9ir6jaLWJ2USVpQ==
    dependencies:
      to-regex-range "^5.0.1"
  
  follow-redirects@^1.14.9:
    version "1.15.2"
    resolved "https://registry.yarnpkg.com/follow-redirects/-/follow-redirects-1.15.2.tgz#b460864144ba63f2681096f274c4e57026da2c13"
    integrity sha512-VQLG33o04KaQ8uYi2tVNbdrWp1QWxNNea+nmIB4EVM28v0hmP17z7aG1+wAkNzVq4KeXTq3221ye5qTJP91JwA==
  
  form-data@^4.0.0:
    version "4.0.0"
    resolved "https://registry.yarnpkg.com/form-data/-/form-data-4.0.0.tgz#93919daeaf361ee529584b9b31664dc12c9fa452"
    integrity sha512-ETEklSGi5t0QMZuiXoA/Q6vcnxcLQP5vdugSpuAyi6SVGi2clPPp+xgEhuMaHC+zGgn31Kd235W35f7Hykkaww==
    dependencies:
      asynckit "^0.4.0"
      combined-stream "^1.0.8"
      mime-types "^2.1.12"
  
  fraction.js@^4.2.0:
    version "4.2.1"
    resolved "https://registry.yarnpkg.com/fraction.js/-/fraction.js-4.2.1.tgz#14b4cc886575a5684f8d5fd5759c5db376bb7bb8"
    integrity sha512-/KxoyCnPM0GwYI4NN0Iag38Tqt+od3/mLuguepLgCAKPn0ZhC544nssAW0tG2/00zXEYl9W+7hwAIpLHo6Oc7Q==
  
  framer-motion@^7.3.6:
    version "7.10.3"
    resolved "https://registry.yarnpkg.com/framer-motion/-/framer-motion-7.10.3.tgz#8b23f50bbc1ee8c830c869c5398e457d5272feb5"
    integrity sha512-k2ccYeZNSpPg//HTaqrU+4pRq9f9ZpaaN7rr0+Rx5zA4wZLbk547wtDzge2db1sB+1mnJ6r59P4xb+aEIi/W+w==
    dependencies:
      "@motionone/dom" "^10.15.3"
      hey-listen "^1.0.8"
      tslib "2.4.0"
    optionalDependencies:
      "@emotion/is-prop-valid" "^0.8.2"
  
  fs-constants@^1.0.0:
    version "1.0.0"
    resolved "https://registry.yarnpkg.com/fs-constants/-/fs-constants-1.0.0.tgz#6be0de9be998ce16af8afc24497b9ee9b7ccd9ad"
    integrity sha512-y6OAwoSIf7FyjMIv94u+b5rdheZEjzR63GTyZJm5qh4Bi+2YgwLCcI/fPFZkL5PSixOt6ZNKm+w+Hfp/Bciwow==
  
  fs-extra@^8.1.0:
    version "8.1.0"
    resolved "https://registry.yarnpkg.com/fs-extra/-/fs-extra-8.1.0.tgz#49d43c45a88cd9677668cb7be1b46efdb8d2e1c0"
    integrity sha512-yhlQgA6mnOJUKOsRUFsgJdQCvkKhcz8tlZG5HBQfReYZy46OwLcY+Zia0mtdHsOo9y/hP+CxMN0TU9QxoOtG4g==
    dependencies:
      graceful-fs "^4.2.0"
      jsonfile "^4.0.0"
      universalify "^0.1.0"
  
  fs.realpath@^1.0.0:
    version "1.0.0"
    resolved "https://registry.yarnpkg.com/fs.realpath/-/fs.realpath-1.0.0.tgz#1504ad2523158caa40db4a2787cb01411994ea4f"
    integrity sha512-OO0pH2lK6a0hZnAdau5ItzHPI6pUlvI7jMVnxUQRtw4owF2wk8lOSabtGDCTP4Ggrg2MbGnWO9X8K1t4+fGMDw==
  
  fsevents@~2.3.2:
    version "2.3.3"
    resolved "https://registry.yarnpkg.com/fsevents/-/fsevents-2.3.3.tgz#cac6407785d03675a2a5e1a5305c697b347d90d6"
    integrity sha512-5xoDfX+fL7faATnagmWPpbFtwh/R77WmMMqqHGS65C3vvB0YHrgF+B1YmZ3441tMj5n63k0212XNoJwzlhffQw==
  
  function-bind@^1.1.1:
    version "1.1.1"
    resolved "https://registry.yarnpkg.com/function-bind/-/function-bind-1.1.1.tgz#a56899d3ea3c9bab874bb9773b7c5ede92f4895d"
    integrity sha512-yIovAzMX49sF8Yl58fSCWJ5svSLuaibPxXQJFLmBObTuCr0Mf1KiPopGM9NiFjiYBCbfaa2Fh6breQ6ANVTI0A==
  
  gensync@^1.0.0-beta.2:
    version "1.0.0-beta.2"
    resolved "https://registry.yarnpkg.com/gensync/-/gensync-1.0.0-beta.2.tgz#32a6ee76c3d7f52d46b2b1ae5d93fea8580a25e0"
    integrity sha512-3hN7NaskYvMDLQY55gnW3NQ+mesEAepTqlg+VEbj7zzqEMBVNhzcGYYeqFo/TlYz6eQiFcp1HcsCZO+nGgS8zg==
  
  get-own-enumerable-property-symbols@^3.0.0:
    version "3.0.2"
    resolved "https://registry.yarnpkg.com/get-own-enumerable-property-symbols/-/get-own-enumerable-property-symbols-3.0.2.tgz#b5fde77f22cbe35f390b4e089922c50bce6ef664"
    integrity sha512-I0UBV/XOz1XkIJHEUDMZAbzCThU/H8DxmSfmdGcKPnVhu2VfFqr34jr9777IyaTYvxjedWhqVIilEDsCdP5G6g==
  
  get-stream@^6.0.1:
    version "6.0.1"
    resolved "https://registry.yarnpkg.com/get-stream/-/get-stream-6.0.1.tgz#a262d8eef67aced57c2852ad6167526a43cbf7b7"
    integrity sha512-ts6Wi+2j3jQjqi70w5AlN8DFnkSwC+MqmxEzdEALB2qXZYV3X/b1CTfgPLGJNMeAWxdPfU8FO1ms3NUfaHCPYg==
  
  github-from-package@0.0.0:
    version "0.0.0"
    resolved "https://registry.yarnpkg.com/github-from-package/-/github-from-package-0.0.0.tgz#97fb5d96bfde8973313f20e8288ef9a167fa64ce"
    integrity sha512-SyHy3T1v2NUXn29OsWdxmK6RwHD+vkj3v8en8AOBZ1wBQ/hCAQ5bAQTD02kW4W9tUp/3Qh6J8r9EvntiyCmOOw==
  
  glob-parent@^5.1.2, glob-parent@~5.1.2:
    version "5.1.2"
    resolved "https://registry.yarnpkg.com/glob-parent/-/glob-parent-5.1.2.tgz#869832c58034fe68a4093c17dc15e8340d8401c4"
    integrity sha512-AOIgSQCepiJYwP3ARnGx+5VnTu2HBYdzbGP45eLw1vr3zB3vZLeyed1sC9hnbcOc9/SrMyM5RPQrkGz4aS9Zow==
    dependencies:
      is-glob "^4.0.1"
  
  glob-parent@^6.0.2:
    version "6.0.2"
    resolved "https://registry.yarnpkg.com/glob-parent/-/glob-parent-6.0.2.tgz#6d237d99083950c79290f24c7642a3de9a28f9e3"
    integrity sha512-XxwI8EOhVQgWp6iDL+3b0r86f4d6AX6zSU55HfB4ydCEuXLXc5FcYeOu+nnGftS4TEju/11rt4KJPTMgbfmv4A==
    dependencies:
      is-glob "^4.0.3"
  
  glob-to-regexp@^0.4.1:
    version "0.4.1"
    resolved "https://registry.yarnpkg.com/glob-to-regexp/-/glob-to-regexp-0.4.1.tgz#c75297087c851b9a578bd217dd59a92f59fe546e"
    integrity sha512-lkX1HJXwyMcprw/5YUZc2s7DrpAiHB21/V+E1rHUrVNokkvB6bqMzT0VfV6/86ZNabt1k14YOIaT7nDvOX3Iiw==
  
  glob@7.1.6:
    version "7.1.6"
    resolved "https://registry.yarnpkg.com/glob/-/glob-7.1.6.tgz#141f33b81a7c2492e125594307480c46679278a6"
    integrity sha512-LwaxwyZ72Lk7vZINtNNrywX0ZuLyStrdDtabefZKAY5ZGJhVtgdznluResxNmPitE0SAO+O26sWTHeKSI2wMBA==
    dependencies:
      fs.realpath "^1.0.0"
      inflight "^1.0.4"
      inherits "2"
      minimatch "^3.0.4"
      once "^1.3.0"
      path-is-absolute "^1.0.0"
  
  glob@^7.0.3, glob@^7.1.3, glob@^7.1.6:
    version "7.2.3"
    resolved "https://registry.yarnpkg.com/glob/-/glob-7.2.3.tgz#b8df0fb802bbfa8e89bd1d938b4e16578ed44f2b"
    integrity sha512-nFR0zLpU2YCaRxwoCJvL6UvCH2JFyFVIvwTLsIf21AuHlMskA1hhTdk+LlYJtOlYt9v6dvszD2BGRqBL+iQK9Q==
    dependencies:
      fs.realpath "^1.0.0"
      inflight "^1.0.4"
      inherits "2"
      minimatch "^3.1.1"
      once "^1.3.0"
      path-is-absolute "^1.0.0"
  
  globals@^11.1.0:
    version "11.12.0"
    resolved "https://registry.yarnpkg.com/globals/-/globals-11.12.0.tgz#ab8795338868a0babd8525758018c2a7eb95c42e"
    integrity sha512-WOBp/EEGUiIsJSp7wcv/y6MO+lV9UoncWqxuFfm8eBwzWNgyfBd6Gz+IeKQ9jCmyhoH99g15M3T+QaVHFjizVA==
  
  globby@^11.0.0:
    version "11.1.0"
    resolved "https://registry.yarnpkg.com/globby/-/globby-11.1.0.tgz#bd4be98bb042f83d796f7e3811991fbe82a0d34b"
    integrity sha512-jhIXaOzy1sb8IyocaruWSn1TjmnBVs8Ayhcy83rmxNJ8q2uWKCAj3CnJY+KpGSXCueAPc0i05kVvVKtP1t9S3g==
    dependencies:
      array-union "^2.1.0"
      dir-glob "^3.0.1"
      fast-glob "^3.2.9"
      ignore "^5.2.0"
      merge2 "^1.4.1"
      slash "^3.0.0"
  
  globby@^6.1.0:
    version "6.1.0"
    resolved "https://registry.yarnpkg.com/globby/-/globby-6.1.0.tgz#f5a6d70e8395e21c858fb0489d64df02424d506c"
    integrity sha512-KVbFv2TQtbzCoxAnfD6JcHZTYCzyliEaaeM/gH8qQdkKr5s0OP9scEgvdcngyk7AVdY6YVW/TJHd+lQ/Df3Daw==
    dependencies:
      array-union "^1.0.1"
      glob "^7.0.3"
      object-assign "^4.0.1"
      pify "^2.0.0"
      pinkie-promise "^2.0.0"
  
  graceful-fs@^4.1.2, graceful-fs@^4.1.6, graceful-fs@^4.2.0:
    version "4.2.11"
    resolved "https://registry.yarnpkg.com/graceful-fs/-/graceful-fs-4.2.11.tgz#4183e4e8bf08bb6e05bbb2f7d2e0c8f712ca40e3"
    integrity sha512-RbJ5/jmFcNNCcDV5o9eTnBLJ/HszWV0P73bc+Ff4nS/rJj+YaS6IGyiOL0VoBYX+l1Wrl3k63h/KrH+nhJ0XvQ==
  
  has-flag@^3.0.0:
    version "3.0.0"
    resolved "https://registry.yarnpkg.com/has-flag/-/has-flag-3.0.0.tgz#b5d454dc2199ae225699f3467e5a07f3b955bafd"
    integrity sha512-sKJf1+ceQBr4SMkvQnBDNDtf4TXpVhVGateu0t918bl30FnbE2m4vNLX+VWe/dpjlb+HugGYzW7uQXH98HPEYw==
  
  has@^1.0.3:
    version "1.0.3"
    resolved "https://registry.yarnpkg.com/has/-/has-1.0.3.tgz#722d7cbfc1f6aa8241f16dd814e011e1f41e8796"
    integrity sha512-f2dvO0VU6Oej7RkWJGrehjbzMAjFp5/VKPp5tTpWIV4JHHZK1/BxbFRtf/siA2SWTe09caDmVtYYzWEIbBS4zw==
    dependencies:
      function-bind "^1.1.1"
  
  hash.js@1.1.7, hash.js@^1.0.0, hash.js@^1.0.3, hash.js@^1.1.7:
    version "1.1.7"
    resolved "https://registry.yarnpkg.com/hash.js/-/hash.js-1.1.7.tgz#0babca538e8d4ee4a0f8988d68866537a003cf42"
    integrity sha512-taOaskGt4z4SOANNseOviYDvjEJinIkRgmp7LbKP2YTTmVxWBl87s/uzK9r+44BclBSp2X7K1hqeNfz9JbBeXA==
    dependencies:
      inherits "^2.0.3"
      minimalistic-assert "^1.0.1"
  
  hey-listen@^1.0.8:
    version "1.0.8"
    resolved "https://registry.yarnpkg.com/hey-listen/-/hey-listen-1.0.8.tgz#8e59561ff724908de1aa924ed6ecc84a56a9aa68"
    integrity sha512-COpmrF2NOg4TBWUJ5UVyaCU2A88wEMkUPK4hNqyCkqHbxT92BbvfjoSozkAIIm6XhicGlJHhFdullInrdhwU8Q==
  
  hi-base32@^0.5.1:
    version "0.5.1"
    resolved "https://registry.yarnpkg.com/hi-base32/-/hi-base32-0.5.1.tgz#1279f2ddae2673219ea5870c2121d2a33132857e"
    integrity sha512-EmBBpvdYh/4XxsnUybsPag6VikPYnN30td+vQk+GI3qpahVEG9+gTkG0aXVxTjBqQ5T6ijbWIu77O+C5WFWsnA==
  
  hmac-drbg@^1.0.1:
    version "1.0.1"
    resolved "https://registry.yarnpkg.com/hmac-drbg/-/hmac-drbg-1.0.1.tgz#d2745701025a6c775a6c545793ed502fc0c649a1"
    integrity sha512-Tti3gMqLdZfhOQY1Mzf/AanLiqh1WTiJgEj26ZuYQ9fbkLomzGchCws4FyrSd4VkpBfiNhaE1On+lOz894jvXg==
    dependencies:
      hash.js "^1.0.3"
      minimalistic-assert "^1.0.0"
      minimalistic-crypto-utils "^1.0.1"
  
  hoist-non-react-statics@^3.0.0:
    version "3.3.2"
    resolved "https://registry.yarnpkg.com/hoist-non-react-statics/-/hoist-non-react-statics-3.3.2.tgz#ece0acaf71d62c2969c2ec59feff42a4b1a85b45"
    integrity sha512-/gGivxi8JPKWNm/W0jSmzcMPpfpPLc3dY/6GxhX2hQ9iGj3aDfklV4ET7NjKpSinLpJ5vafa9iiGIEZg10SfBw==
    dependencies:
      react-is "^16.7.0"
  
  human-signals@^4.3.0:
    version "4.3.1"
    resolved "https://registry.yarnpkg.com/human-signals/-/human-signals-4.3.1.tgz#ab7f811e851fca97ffbd2c1fe9a958964de321b2"
    integrity sha512-nZXjEF2nbo7lIw3mgYjItAfgQXog3OjJogSbKa2CQIIvSGWcKgeJnQlNXip6NglNzYH45nSRiEVimMvYL8DDqQ==
  
  husky@^8.0.1:
    version "8.0.3"
    resolved "https://registry.yarnpkg.com/husky/-/husky-8.0.3.tgz#4936d7212e46d1dea28fef29bb3a108872cd9184"
    integrity sha512-+dQSyqPh4x1hlO1swXBiNb2HzTDN1I2IGLQx1GrBuiqFJfoMrnZWwVmatvSiO+Iz8fBUnf+lekwNo4c2LlXItg==
  
  hyphenate-style-name@^1.0.3:
    version "1.0.4"
    resolved "https://registry.yarnpkg.com/hyphenate-style-name/-/hyphenate-style-name-1.0.4.tgz#691879af8e220aea5750e8827db4ef62a54e361d"
    integrity sha512-ygGZLjmXfPHj+ZWh6LwbC37l43MhfztxetbFCoYTM2VjkIUpeHgSNn7QIyVFj7YQ1Wl9Cbw5sholVJPzWvC2MQ==
  
  ieee754@^1.1.13, ieee754@^1.2.1:
    version "1.2.1"
    resolved "https://registry.yarnpkg.com/ieee754/-/ieee754-1.2.1.tgz#8eb7a10a63fff25d15a57b001586d177d1b0d352"
    integrity sha512-dcyqhDvX1C46lXZcVqCpK+FtMRQVdIMN6/Df5js2zouUsqG7I6sFxitIC+7KYK29KdXOLHdu9zL4sFnoVQnqaA==
  
  ignore@^5.2.0:
    version "5.2.4"
    resolved "https://registry.yarnpkg.com/ignore/-/ignore-5.2.4.tgz#a291c0c6178ff1b960befe47fcdec301674a6324"
    integrity sha512-MAb38BcSbH0eHNBxn7ql2NH/kX33OkB3lZ1BNdh7ENeRChHTYsTvWrMubiIAMNS2llXEEgZ1MUOBtXChP3kaFQ==
  
  inflight@^1.0.4:
    version "1.0.6"
    resolved "https://registry.yarnpkg.com/inflight/-/inflight-1.0.6.tgz#49bd6331d7d02d0c09bc910a1075ba8165b56df9"
    integrity sha512-k92I/b08q4wvFscXCLvqfsHCrjrF7yiXsQuIVvVE7N82W3+aqpzuUdBbfhWcy/FZR3/4IgflMgKLOsvPDrGCJA==
    dependencies:
      once "^1.3.0"
      wrappy "1"
  
  inherits@2, inherits@^2.0.3, inherits@^2.0.4:
    version "2.0.4"
    resolved "https://registry.yarnpkg.com/inherits/-/inherits-2.0.4.tgz#0fa2c64f932917c3433a0ded55363aae37416b7c"
    integrity sha512-k/vGaX4/Yla3WzyMCvTQOXYeIHvqOKtnqBduzTHpzpQZzAskKMhZ2K+EnBiSM9zGSoIFeMpXKxa4dYeZIQqewQ==
  
  ini@~1.3.0:
    version "1.3.8"
    resolved "https://registry.yarnpkg.com/ini/-/ini-1.3.8.tgz#a29da425b48806f34767a4efce397269af28432c"
    integrity sha512-JV/yugV2uzW5iMRSiZAyDtQd+nxtUnjeLt0acNdw98kKLrvuRVyB80tsREOE7yvGVgalhZ6RNXCmEHkUKBKxew==
  
  inline-style-prefixer@^6.0.0:
    version "6.0.4"
    resolved "https://registry.yarnpkg.com/inline-style-prefixer/-/inline-style-prefixer-6.0.4.tgz#4290ed453ab0e4441583284ad86e41ad88384f44"
    integrity sha512-FwXmZC2zbeeS7NzGjJ6pAiqRhXR0ugUShSNb6GApMl6da0/XGc4MOJsoWAywia52EEWbXNSy0pzkwz/+Y+swSg==
    dependencies:
      css-in-js-utils "^3.1.0"
      fast-loops "^1.1.3"
  
  "internmap@1 - 2":
    version "2.0.3"
    resolved "https://registry.yarnpkg.com/internmap/-/internmap-2.0.3.tgz#6685f23755e43c524e251d29cbc97248e3061009"
    integrity sha512-5Hh7Y1wQbvY5ooGgPbDaL5iYLAPzMTUrjMulskHLH6wnv/A+1q5rgEaiuqEjB+oxGXIVZs1FF+R/KPN3ZSQYYg==
  
  is-arrayish@^0.3.1:
    version "0.3.2"
    resolved "https://registry.yarnpkg.com/is-arrayish/-/is-arrayish-0.3.2.tgz#4574a2ae56f7ab206896fb431eaeed066fdf8f03"
    integrity sha512-eVRqCvVlZbuw3GrM63ovNSNAeA1K16kaR/LRY/92w0zxQ5/1YzwblUX652i4Xs9RwAGjW9d9y6X88t8OaAJfWQ==
  
  is-binary-path@~2.1.0:
    version "2.1.0"
    resolved "https://registry.yarnpkg.com/is-binary-path/-/is-binary-path-2.1.0.tgz#ea1f7f3b80f064236e83470f86c09c254fb45b09"
    integrity sha512-ZMERYes6pDydyuGidse7OsHxtbI7WVeUEozgR/g7rd0xUimYNlvZRE/K2MgZTjWy725IfelLeVcEM97mmtRGXw==
    dependencies:
      binary-extensions "^2.0.0"
  
  is-core-module@^2.13.0:
    version "2.13.0"
    resolved "https://registry.yarnpkg.com/is-core-module/-/is-core-module-2.13.0.tgz#bb52aa6e2cbd49a30c2ba68c42bf3435ba6072db"
    integrity sha512-Z7dk6Qo8pOCp3l4tsX2C5ZVas4V+UxwQodwZhLopL91TX8UyyHEXafPcyoeeWuLrwzHcr3igO78wNLwHJHsMCQ==
    dependencies:
      has "^1.0.3"
  
  is-extglob@^2.1.1:
    version "2.1.1"
    resolved "https://registry.yarnpkg.com/is-extglob/-/is-extglob-2.1.1.tgz#a88c02535791f02ed37c76a1b9ea9773c833f8c2"
    integrity sha512-SbKbANkN603Vi4jEZv49LeVJMn4yGwsbzZworEoyEiutsN3nJYdbO36zfhGJ6QEDpOZIFkDtnq5JRxmvl3jsoQ==
  
  is-fullwidth-code-point@^4.0.0:
    version "4.0.0"
    resolved "https://registry.yarnpkg.com/is-fullwidth-code-point/-/is-fullwidth-code-point-4.0.0.tgz#fae3167c729e7463f8461ce512b080a49268aa88"
    integrity sha512-O4L094N2/dZ7xqVdrXhh9r1KODPJpFms8B5sGdJLPy664AgvXsreZUyCQQNItZRDlYug4xStLjNp/sz3HvBowQ==
  
  is-glob@^4.0.1, is-glob@^4.0.3, is-glob@~4.0.1:
    version "4.0.3"
    resolved "https://registry.yarnpkg.com/is-glob/-/is-glob-4.0.3.tgz#64f61e42cbbb2eec2071a9dac0b28ba1e65d5084"
    integrity sha512-xelSayHH36ZgE7ZWhli7pW34hNbNl8Ojv5KVmkJD4hBdD3th8Tfk9vYasLM+mXWOZhFkgZfxhLSnrwRr4elSSg==
    dependencies:
      is-extglob "^2.1.1"
  
  is-module@^1.0.0:
    version "1.0.0"
    resolved "https://registry.yarnpkg.com/is-module/-/is-module-1.0.0.tgz#3258fb69f78c14d5b815d664336b4cffb6441591"
    integrity sha512-51ypPSPCoTEIN9dy5Oy+h4pShgJmPCygKfyRCISBI+JoWT/2oJvK8QPxmwv7b/p239jXrm9M1mlQbyKJ5A152g==
  
  is-number@^7.0.0:
    version "7.0.0"
    resolved "https://registry.yarnpkg.com/is-number/-/is-number-7.0.0.tgz#7535345b896734d5f80c4d06c50955527a14f12b"
    integrity sha512-41Cifkg6e8TylSpdtTpeLVMqvSBEVzTttHvERD741+pnZ8ANv0004MRL43QKPDlK9cGvNp6NZWZUBlbGXYxxng==
  
  is-obj@^1.0.1:
    version "1.0.1"
    resolved "https://registry.yarnpkg.com/is-obj/-/is-obj-1.0.1.tgz#3e4729ac1f5fde025cd7d83a896dab9f4f67db0f"
    integrity sha512-l4RyHgRqGN4Y3+9JHVrNqO+tN0rV5My76uW5/nuO4K1b6vw5G8d/cmFjP9tRfEsdhZNt0IFdZuK/c2Vr4Nb+Qg==
  
  is-path-cwd@^2.0.0:
    version "2.2.0"
    resolved "https://registry.yarnpkg.com/is-path-cwd/-/is-path-cwd-2.2.0.tgz#67d43b82664a7b5191fd9119127eb300048a9fdb"
    integrity sha512-w942bTcih8fdJPJmQHFzkS76NEP8Kzzvmw92cXsazb8intwLqPibPPdXf4ANdKV3rYMuuQYGIWtvz9JilB3NFQ==
  
  is-path-in-cwd@^2.0.0:
    version "2.1.0"
    resolved "https://registry.yarnpkg.com/is-path-in-cwd/-/is-path-in-cwd-2.1.0.tgz#bfe2dca26c69f397265a4009963602935a053acb"
    integrity sha512-rNocXHgipO+rvnP6dk3zI20RpOtrAM/kzbB258Uw5BWr3TpXi861yzjo16Dn4hUox07iw5AyeMLHWsujkjzvRQ==
    dependencies:
      is-path-inside "^2.1.0"
  
  is-path-inside@^2.1.0:
    version "2.1.0"
    resolved "https://registry.yarnpkg.com/is-path-inside/-/is-path-inside-2.1.0.tgz#7c9810587d659a40d27bcdb4d5616eab059494b2"
    integrity sha512-wiyhTzfDWsvwAW53OBWF5zuvaOGlZ6PwYxAbPVDhpm+gM09xKQGjBq/8uYN12aDvMxnAnq3dxTyoSoRNmg5YFg==
    dependencies:
      path-is-inside "^1.0.2"
  
  is-regexp@^1.0.0:
    version "1.0.0"
    resolved "https://registry.yarnpkg.com/is-regexp/-/is-regexp-1.0.0.tgz#fd2d883545c46bac5a633e7b9a09e87fa2cb5069"
    integrity sha512-7zjFAPO4/gwyQAAgRRmqeEeyIICSdmCqa3tsVHMdBzaXXRiqopZL4Cyghg/XulGWrtABTpbnYYzzIRffLkP4oA==
  
  is-stream@^3.0.0:
    version "3.0.0"
    resolved "https://registry.yarnpkg.com/is-stream/-/is-stream-3.0.0.tgz#e6bfd7aa6bef69f4f472ce9bb681e3e57b4319ac"
    integrity sha512-LnQR4bZ9IADDRSkvpqMGvt/tEJWclzklNgSw48V5EAaAeDd6qGvN8ei6k5p0tvxSR171VmGyHuTiAOfxAbr8kA==
  
  is-typedarray@1.0.0, is-typedarray@^1.0.0:
    version "1.0.0"
    resolved "https://registry.yarnpkg.com/is-typedarray/-/is-typedarray-1.0.0.tgz#e479c80858df0c1b11ddda6940f96011fcda4a9a"
    integrity sha512-cyA56iCMHAh5CdzjJIa4aohJyeO1YbwLi3Jc35MmRU6poroFjIGZzUzupGiRPOjgHg9TLu43xbpwXk523fMxKA==
  
  isexe@^2.0.0:
    version "2.0.0"
    resolved "https://registry.yarnpkg.com/isexe/-/isexe-2.0.0.tgz#e8fbf374dc556ff8947a10dcb0572d633f2cfa10"
    integrity sha512-RHxMLp9lnKHGHRng9QFhRCMbYAcVpn69smSGcq3f36xjgVVWThj4qqLbTLlq7Ssj8B+fIQ1EuCEGI2lKsyQeIw==
  
  jest-worker@^24.9.0:
    version "24.9.0"
    resolved "https://registry.yarnpkg.com/jest-worker/-/jest-worker-24.9.0.tgz#5dbfdb5b2d322e98567898238a9697bcce67b3e5"
    integrity sha512-51PE4haMSXcHohnSMdM42anbvZANYTqMrr52tVKPqqsPJMzoP6FYYDVqahX/HrAoKEKz3uUPzSvKs9A3qR4iVw==
    dependencies:
      merge-stream "^2.0.0"
      supports-color "^6.1.0"
  
  jiti@^1.18.2:
    version "1.19.3"
    resolved "https://registry.yarnpkg.com/jiti/-/jiti-1.19.3.tgz#ef554f76465b3c2b222dc077834a71f0d4a37569"
    integrity sha512-5eEbBDQT/jF1xg6l36P+mWGGoH9Spuy0PCdSr2dtWRDGC6ph/w9ZCL4lmESW8f8F7MwT3XKescfP0wnZWAKL9w==
  
  jotai@^2.2.1:
    version "2.4.0"
    resolved "https://registry.yarnpkg.com/jotai/-/jotai-2.4.0.tgz#3f0b30fa54dfb4b4bb22141264512bccca5f5149"
    integrity sha512-NUHJdAJe3C8Prf0DD6EzezCATjkNvfCNI7pgkaX7bCPPsqE0oK8L9RzZsEhz/UxFoGRayXwacTvAli0VEYKkqQ==
  
  js-cookie@^2.2.1:
    version "2.2.1"
    resolved "https://registry.yarnpkg.com/js-cookie/-/js-cookie-2.2.1.tgz#69e106dc5d5806894562902aa5baec3744e9b2b8"
    integrity sha512-HvdH2LzI/EAZcUwA8+0nKNtWHqS+ZmijLA30RwZA0bo7ToCckjK5MkGhjED9KoRcXO6BaGI3I9UIzSA1FKFPOQ==
  
  js-cookie@^3.0.1:
    version "3.0.5"
    resolved "https://registry.yarnpkg.com/js-cookie/-/js-cookie-3.0.5.tgz#0b7e2fd0c01552c58ba86e0841f94dc2557dcdbc"
    integrity sha512-cEiJEAEoIbWfCZYKWhVwFuvPX1gETRYPw6LlaTKoxD3s2AkXzkCjnp6h0V77ozyqj0jakteJ4YqDJT830+lVGw==
  
  js-sha256@^0.9.0:
    version "0.9.0"
    resolved "https://registry.yarnpkg.com/js-sha256/-/js-sha256-0.9.0.tgz#0b89ac166583e91ef9123644bd3c5334ce9d0966"
    integrity sha512-sga3MHh9sgQN2+pJ9VYZ+1LPwXOxuBJBA5nrR5/ofPfuiJBE2hnjsaN8se8JznOmGLN2p49Pe5U/ttafcs/apA==
  
  js-sha3@0.8.0, js-sha3@^0.8.0:
    version "0.8.0"
    resolved "https://registry.yarnpkg.com/js-sha3/-/js-sha3-0.8.0.tgz#b9b7a5da73afad7dedd0f8c463954cbde6818840"
    integrity sha512-gF1cRrHhIzNfToc802P800N8PpXS+evLLXfsVpowqmAFR9uwbi89WvXg2QspOmXL8QL86J4T1EpFu+yUkwJY3Q==
  
  js-sha512@^0.8.0:
    version "0.8.0"
    resolved "https://registry.yarnpkg.com/js-sha512/-/js-sha512-0.8.0.tgz#dd22db8d02756faccf19f218e3ed61ec8249f7d4"
    integrity sha512-PWsmefG6Jkodqt+ePTvBZCSMFgN7Clckjd0O7su3I0+BW2QWUTJNzjktHsztGLhncP2h8mcF9V9Y2Ha59pAViQ==
  
  "js-tokens@^3.0.0 || ^4.0.0", js-tokens@^4.0.0:
    version "4.0.0"
    resolved "https://registry.yarnpkg.com/js-tokens/-/js-tokens-4.0.0.tgz#19203fb59991df98e3a287050d4647cdeaf32499"
    integrity sha512-RdJUflcE3cUzKiMqQgsCu06FPu9UdIJO0beYbPhHN4k6apgJtifcoCtT9bcxOpYBtpD2kCM6Sbzg4CausW/PKQ==
  
  jsesc@^2.5.1:
    version "2.5.2"
    resolved "https://registry.yarnpkg.com/jsesc/-/jsesc-2.5.2.tgz#80564d2e483dacf6e8ef209650a67df3f0c283a4"
    integrity sha512-OYu7XEzjkCQ3C5Ps3QIZsQfNpqoJyZZA99wd9aWd05NCtC5pWOkShK2mkL6HXQR6/Cy2lbNdPlZBpuQHXE63gA==
  
  jsesc@~0.5.0:
    version "0.5.0"
    resolved "https://registry.yarnpkg.com/jsesc/-/jsesc-0.5.0.tgz#e7dee66e35d6fc16f710fe91d5cf69f70f08911d"
    integrity sha512-uZz5UnB7u4T9LvwmFqXii7pZSouaRPorGs5who1Ip7VO0wxanFvBL7GkM6dTHlgX+jhBApRetaWpnDabOeTcnA==
  
  json-bigint@^1.0.0:
    version "1.0.0"
    resolved "https://registry.yarnpkg.com/json-bigint/-/json-bigint-1.0.0.tgz#ae547823ac0cad8398667f8cd9ef4730f5b01ff1"
    integrity sha512-SiPv/8VpZuWbvLSMtTDU8hEfrZWg/mH/nV/b4o0CYbSxu1UIQPLdwKOCIyLQX+VIPO5vrLX3i8qtqFyhdPSUSQ==
    dependencies:
      bignumber.js "^9.0.0"
  
  json5@^2.2.2:
    version "2.2.3"
    resolved "https://registry.yarnpkg.com/json5/-/json5-2.2.3.tgz#78cd6f1a19bdc12b73db5ad0c61efd66c1e29283"
    integrity sha512-XmOWe7eyHYH14cLdVPoyg+GOH3rYX++KpzrylJwSW98t3Nk+U8XOl8FWKOgwtzdb8lXGf6zYwDUzeHMWfxasyg==
  
  jsonfile@^4.0.0:
    version "4.0.0"
    resolved "https://registry.yarnpkg.com/jsonfile/-/jsonfile-4.0.0.tgz#8771aae0799b64076b76640fca058f9c10e33ecb"
    integrity sha512-m6F1R3z8jjlf2imQHS2Qez5sjKWQzbuuhuJ/FKYFRZvPE3PuHcSMVZzfsLhGVOkfd20obL5SWEBew5ShlquNxg==
    optionalDependencies:
      graceful-fs "^4.1.6"
  
  jsonp@^0.2.1:
    version "0.2.1"
    resolved "https://registry.yarnpkg.com/jsonp/-/jsonp-0.2.1.tgz#a65b4fa0f10bda719a05441ea7b94c55f3e15bae"
    integrity sha512-pfog5gdDxPdV4eP7Kg87M8/bHgshlZ5pybl+yKxAnCZ5O7lCIn7Ixydj03wOlnDQesky2BPyA91SQ+5Y/mNwzw==
    dependencies:
      debug "^2.1.3"
  
  keyvaluestorage-interface@^1.0.0:
    version "1.0.0"
    resolved "https://registry.yarnpkg.com/keyvaluestorage-interface/-/keyvaluestorage-interface-1.0.0.tgz#13ebdf71f5284ad54be94bd1ad9ed79adad515ff"
    integrity sha512-8t6Q3TclQ4uZynJY9IGr2+SsIGwK9JHcO6ootkHCGA0CrQCRy+VkouYNO2xicET6b9al7QKzpebNow+gkpCL8g==
  
  lilconfig@2.1.0, lilconfig@^2.0.5, lilconfig@^2.1.0:
    version "2.1.0"
    resolved "https://registry.yarnpkg.com/lilconfig/-/lilconfig-2.1.0.tgz#78e23ac89ebb7e1bfbf25b18043de756548e7f52"
    integrity sha512-utWOt/GHzuUxnLKxB6dk81RoOeoNeHgbrXiuGk4yyF5qlRz+iIVWu56E2fqGHFrXz0QNUhLB/8nKqvRH66JKGQ==
  
  lines-and-columns@^1.1.6:
    version "1.2.4"
    resolved "https://registry.yarnpkg.com/lines-and-columns/-/lines-and-columns-1.2.4.tgz#eca284f75d2965079309dc0ad9255abb2ebc1632"
    integrity sha512-7ylylesZQ/PV29jhEDl3Ufjo6ZX7gCqJr5F7PKrqc93v7fzSymt1BpwEU8nAUXs8qzzvqhbjhK5QZg6Mt/HkBg==
  
  lint-staged@^13.0.1:
    version "13.3.0"
    resolved "https://registry.yarnpkg.com/lint-staged/-/lint-staged-13.3.0.tgz#7965d72a8d6a6c932f85e9c13ccf3596782d28a5"
    integrity sha512-mPRtrYnipYYv1FEE134ufbWpeggNTo+O/UPzngoaKzbzHAthvR55am+8GfHTnqNRQVRRrYQLGW9ZyUoD7DsBHQ==
    dependencies:
      chalk "5.3.0"
      commander "11.0.0"
      debug "4.3.4"
      execa "7.2.0"
      lilconfig "2.1.0"
      listr2 "6.6.1"
      micromatch "4.0.5"
      pidtree "0.6.0"
      string-argv "0.3.2"
      yaml "2.3.1"
  
  listr2@6.6.1:
    version "6.6.1"
    resolved "https://registry.yarnpkg.com/listr2/-/listr2-6.6.1.tgz#08b2329e7e8ba6298481464937099f4a2cd7f95d"
    integrity sha512-+rAXGHh0fkEWdXBmX+L6mmfmXmXvDGEKzkjxO+8mP3+nI/r/CWznVBvsibXdxda9Zz0OW2e2ikphN3OwCT/jSg==
    dependencies:
      cli-truncate "^3.1.0"
      colorette "^2.0.20"
      eventemitter3 "^5.0.1"
      log-update "^5.0.1"
      rfdc "^1.3.0"
      wrap-ansi "^8.1.0"
  
  little-state-machine@^4.7.0:
    version "4.8.0"
    resolved "https://registry.yarnpkg.com/little-state-machine/-/little-state-machine-4.8.0.tgz#4853d01f71dc7e15fec00193692f845020a57686"
    integrity sha512-xfi5+iDxTLhu0hbnNubUs+qoQQqxhtEZeObP5ELjUlHnl74bbasY7mOonsGQrAouyrbag3ebNLSse5xX1T7buQ==
  
  lodash-es@^4.17.21:
    version "4.17.21"
    resolved "https://registry.yarnpkg.com/lodash-es/-/lodash-es-4.17.21.tgz#43e626c46e6591b7750beb2b50117390c609e3ee"
    integrity sha512-mKnC+QJ9pWVzv+C4/U3rRsHapFfHvQFoFB92e52xeyGMcX6/OlIl78je1u8vePzYZSkkogMPJ2yjxxsb89cxyw==
  
  lodash._reinterpolate@^3.0.0:
    version "3.0.0"
    resolved "https://registry.yarnpkg.com/lodash._reinterpolate/-/lodash._reinterpolate-3.0.0.tgz#0ccf2d89166af03b3663c796538b75ac6e114d9d"
    integrity sha512-xYHt68QRoYGjeeM/XOE1uJtvXQAgvszfBhjV4yvsQH0u2i9I6cI6c6/eG4Hh3UAOVn0y/xAXwmTzEay49Q//HA==
  
  lodash.castarray@^4.4.0:
    version "4.4.0"
    resolved "https://registry.yarnpkg.com/lodash.castarray/-/lodash.castarray-4.4.0.tgz#c02513515e309daddd4c24c60cfddcf5976d9115"
    integrity sha512-aVx8ztPv7/2ULbArGJ2Y42bG1mEQ5mGjpdvrbJcJFU3TbYybe+QlLS4pst9zV52ymy2in1KpFPiZnAOATxD4+Q==
  
  lodash.debounce@^4.0.8:
    version "4.0.8"
    resolved "https://registry.yarnpkg.com/lodash.debounce/-/lodash.debounce-4.0.8.tgz#82d79bff30a67c4005ffd5e2515300ad9ca4d7af"
    integrity sha512-FT1yDzDYEoYWhnSGnpE/4Kj1fLZkDFyqRb7fNt6FdYOSxlUWAtp42Eh6Wb0rGIv/m9Bgo7x4GhQbm5Ys4SG5ow==
  
  lodash.isplainobject@^4.0.6:
    version "4.0.6"
    resolved "https://registry.yarnpkg.com/lodash.isplainobject/-/lodash.isplainobject-4.0.6.tgz#7c526a52d89b45c45cc690b88163be0497f550cb"
    integrity sha512-oSXzaWypCMHkPC3NvBEaPHf0KsA5mvPrOPgQWDsbg8n7orZ290M0BmC/jgRZ4vcJ6DTAhjrsSYgdsW/F+MFOBA==
  
  lodash.merge@^4.6.2:
    version "4.6.2"
    resolved "https://registry.yarnpkg.com/lodash.merge/-/lodash.merge-4.6.2.tgz#558aa53b43b661e1925a0afdfa36a9a1085fe57a"
    integrity sha512-0KpjqXRVvrYyCsX1swR/XTK0va6VQkQM6MNo7PqW77ByjAhoARA8EfrP1N4+KlKj8YS0ZUCtRT/YUuhyYDujIQ==
  
  lodash.template@^4.5.0:
    version "4.5.0"
    resolved "https://registry.yarnpkg.com/lodash.template/-/lodash.template-4.5.0.tgz#f976195cf3f347d0d5f52483569fe8031ccce8ab"
    integrity sha512-84vYFxIkmidUiFxidA/KjjH9pAycqW+h980j7Fuz5qxRtO9pgB7MDFTdys1N7A5mcucRiDyEq4fusljItR1T/A==
    dependencies:
      lodash._reinterpolate "^3.0.0"
      lodash.templatesettings "^4.0.0"
  
  lodash.templatesettings@^4.0.0:
    version "4.2.0"
    resolved "https://registry.yarnpkg.com/lodash.templatesettings/-/lodash.templatesettings-4.2.0.tgz#e481310f049d3cf6d47e912ad09313b154f0fb33"
    integrity sha512-stgLz+i3Aa9mZgnjr/O+v9ruKZsPsndy7qPZOchbqk2cnTU1ZaldKK+v7m54WoKIyxiuMZTKT2H81F8BeAc3ZQ==
    dependencies:
      lodash._reinterpolate "^3.0.0"
  
  lodash@^4.17.19, lodash@^4.17.21:
    version "4.17.21"
    resolved "https://registry.yarnpkg.com/lodash/-/lodash-4.17.21.tgz#679591c564c3bffaae8454cf0b3df370c3d6911c"
    integrity sha512-v2kDEe57lecTulaDIuNTPy3Ry4gLGJ6Z1O3vE1krgXZNrsQ+LFTGHVxVjcXPs17LhbZVGedAJv8XZ1tvj5FvSg==
  
  log-update@^5.0.1:
    version "5.0.1"
    resolved "https://registry.yarnpkg.com/log-update/-/log-update-5.0.1.tgz#9e928bf70cb183c1f0c9e91d9e6b7115d597ce09"
    integrity sha512-5UtUDQ/6edw4ofyljDNcOVJQ4c7OjDro4h3y8e1GQL5iYElYclVHJ3zeWchylvMaKnDbDilC8irOVyexnA/Slw==
    dependencies:
      ansi-escapes "^5.0.0"
      cli-cursor "^4.0.0"
      slice-ansi "^5.0.0"
      strip-ansi "^7.0.1"
      wrap-ansi "^8.0.1"
  
  loose-envify@^1.1.0, loose-envify@^1.4.0:
    version "1.4.0"
    resolved "https://registry.yarnpkg.com/loose-envify/-/loose-envify-1.4.0.tgz#71ee51fa7be4caec1a63839f7e682d8132d30caf"
    integrity sha512-lyuxPGr/Wfhrlem2CL/UcnUc1zcqKAImBDzukY7Y5F/yQiNdko6+fRLevlw1HgMySw7f611UIY408EtxRSoK3Q==
    dependencies:
      js-tokens "^3.0.0 || ^4.0.0"
  
  lru-cache@^5.1.1:
    version "5.1.1"
    resolved "https://registry.yarnpkg.com/lru-cache/-/lru-cache-5.1.1.tgz#1da27e6710271947695daf6848e847f01d84b920"
    integrity sha512-KpNARQA3Iwv+jTA0utUVVbrh+Jlrr1Fv0e56GGzAFOXN7dk/FviaDW8LHmK52DlcH4WP2n6gI8vN1aesBFgo9w==
    dependencies:
      yallist "^3.0.2"
  
  lru-cache@^6.0.0:
    version "6.0.0"
    resolved "https://registry.yarnpkg.com/lru-cache/-/lru-cache-6.0.0.tgz#6d6fe6570ebd96aaf90fcad1dafa3b2566db3a94"
    integrity sha512-Jo6dJ04CmSjuznwJSS3pUeWmd/H0ffTlkXXgwZi+eq1UCmqQwCh+eLsYOYCwY991i2Fah4h1BEMCx4qThGbsiA==
    dependencies:
      yallist "^4.0.0"
  
  magic-string@^0.25.0, magic-string@^0.25.7:
    version "0.25.9"
    resolved "https://registry.yarnpkg.com/magic-string/-/magic-string-0.25.9.tgz#de7f9faf91ef8a1c91d02c2e5314c8277dbcdd1c"
    integrity sha512-RmF0AsMzgt25qzqqLc1+MbHmhdx0ojF2Fvs4XnOqz2ZOBXzzkEwc/dJQZCYHAn7v1jbVOjAZfK8msRn4BxO4VQ==
    dependencies:
      sourcemap-codec "^1.4.8"
  
  match-sorter@^6.0.2:
    version "6.3.1"
    resolved "https://registry.yarnpkg.com/match-sorter/-/match-sorter-6.3.1.tgz#98cc37fda756093424ddf3cbc62bfe9c75b92bda"
    integrity sha512-mxybbo3pPNuA+ZuCUhm5bwNkXrJTbsk5VWbR5wiwz/GC6LIiegBGn2w3O08UG/jdbYLinw51fSQ5xNU1U3MgBw==
    dependencies:
      "@babel/runtime" "^7.12.5"
      remove-accents "0.4.2"
  
  mdn-data@2.0.14:
    version "2.0.14"
    resolved "https://registry.yarnpkg.com/mdn-data/-/mdn-data-2.0.14.tgz#7113fc4281917d63ce29b43446f701e68c25ba50"
    integrity sha512-dn6wd0uw5GsdswPFfsgMp5NSB0/aDe6fK94YJV/AJDYXL6HVLWBsxeq7js7Ad+mU2K9LAlwpk6kN2D5mwCPVow==
  
  merge-stream@^2.0.0:
    version "2.0.0"
    resolved "https://registry.yarnpkg.com/merge-stream/-/merge-stream-2.0.0.tgz#52823629a14dd00c9770fb6ad47dc6310f2c1f60"
    integrity sha512-abv/qOcuPfk3URPfDzmZU1LKmuw8kT+0nIHvKrKgFrwifol/doWcdA4ZqsWQ8ENrFKkd67Mfpo/LovbIUsbt3w==
  
  merge2@^1.3.0, merge2@^1.4.1:
    version "1.4.1"
    resolved "https://registry.yarnpkg.com/merge2/-/merge2-1.4.1.tgz#4368892f885e907455a6fd7dc55c0c9d404990ae"
    integrity sha512-8q7VEgMJW4J8tcfVPy8g09NcQwZdbwFEqhe/WZkoIzjn/3TGDwtOCYtXGxA3O8tPzpczCCDgv+P2P5y00ZJOOg==
  
  micromatch@4.0.5, micromatch@^4.0.4, micromatch@^4.0.5:
    version "4.0.5"
    resolved "https://registry.yarnpkg.com/micromatch/-/micromatch-4.0.5.tgz#bc8999a7cbbf77cdc89f132f6e467051b49090c6"
    integrity sha512-DMy+ERcEW2q8Z2Po+WNXuw3c5YaUSFjAO5GsJqfEl7UjvtIuFKO6ZrKvcItdy98dwFI2N1tg3zNIdKaQT+aNdA==
    dependencies:
      braces "^3.0.2"
      picomatch "^2.3.1"
  
  microseconds@0.2.0:
    version "0.2.0"
    resolved "https://registry.yarnpkg.com/microseconds/-/microseconds-0.2.0.tgz#233b25f50c62a65d861f978a4a4f8ec18797dc39"
    integrity sha512-n7DHHMjR1avBbSpsTBj6fmMGh2AGrifVV4e+WYc3Q9lO+xnSZ3NyhcBND3vzzatt05LFhoKFRxrIyklmLlUtyA==
  
  mime-db@1.52.0:
    version "1.52.0"
    resolved "https://registry.yarnpkg.com/mime-db/-/mime-db-1.52.0.tgz#bbabcdc02859f4987301c856e3387ce5ec43bf70"
    integrity sha512-sPU4uV7dYlvtWJxwwxHD0PuihVNiE7TyAbQ5SWxDCB9mUYvOgroQOwYQQOKPJ8CIbE+1ETVlOoK1UC2nU3gYvg==
  
  mime-types@^2.1.12:
    version "2.1.35"
    resolved "https://registry.yarnpkg.com/mime-types/-/mime-types-2.1.35.tgz#381a871b62a734450660ae3deee44813f70d959a"
    integrity sha512-ZDY+bPm5zTTF+YpCrAU9nK0UgICYPT0QtT1NZWFv4s++TNkcgVaT0g6+4R2uI4MjQjzysHB1zxuWL50hzaeXiw==
    dependencies:
      mime-db "1.52.0"
  
  mimic-fn@^2.1.0:
    version "2.1.0"
    resolved "https://registry.yarnpkg.com/mimic-fn/-/mimic-fn-2.1.0.tgz#7ed2c2ccccaf84d3ffcb7a69b57711fc2083401b"
    integrity sha512-OqbOk5oEQeAZ8WXWydlu9HJjz9WVdEIvamMCcXmuqUYjTknH/sqsWvhQ3vgwKFRR1HpjvNBKQ37nbJgYzGqGcg==
  
  mimic-fn@^4.0.0:
    version "4.0.0"
    resolved "https://registry.yarnpkg.com/mimic-fn/-/mimic-fn-4.0.0.tgz#60a90550d5cb0b239cca65d893b1a53b29871ecc"
    integrity sha512-vqiC06CuhBTUdZH+RYl8sFrL096vA45Ok5ISO6sE/Mr1jRbGH4Csnhi8f3wKVl7x8mO4Au7Ir9D3Oyv1VYMFJw==
  
  mimic-response@^3.1.0:
    version "3.1.0"
    resolved "https://registry.yarnpkg.com/mimic-response/-/mimic-response-3.1.0.tgz#2d1d59af9c1b129815accc2c46a022a5ce1fa3c9"
    integrity sha512-z0yWI+4FDrrweS8Zmt4Ej5HdJmky15+L2e6Wgn3+iK5fWzb6T3fhNFq2+MeTRb064c6Wr4N/wv0DzQTjNzHNGQ==
  
  mini-svg-data-uri@^1.2.3:
    version "1.4.4"
    resolved "https://registry.yarnpkg.com/mini-svg-data-uri/-/mini-svg-data-uri-1.4.4.tgz#8ab0aabcdf8c29ad5693ca595af19dd2ead09939"
    integrity sha512-r9deDe9p5FJUPZAk3A59wGH7Ii9YrjjWw0jmw/liSbHl2CHiyXj6FcDXDu2K3TjVAXqiJdaw3xxwlZZr9E6nHg==
  
  minimalistic-assert@^1.0.0, minimalistic-assert@^1.0.1:
    version "1.0.1"
    resolved "https://registry.yarnpkg.com/minimalistic-assert/-/minimalistic-assert-1.0.1.tgz#2e194de044626d4a10e7f7fbc00ce73e83e4d5c7"
    integrity sha512-UtJcAD4yEaGtjPezWuO9wC4nwUnVH/8/Im3yEHQP4b67cXlD/Qr9hdITCU1xDbSEXg2XKNaP8jsReV7vQd00/A==
  
  minimalistic-crypto-utils@^1.0.1:
    version "1.0.1"
    resolved "https://registry.yarnpkg.com/minimalistic-crypto-utils/-/minimalistic-crypto-utils-1.0.1.tgz#f6c00c1c0b082246e5c4d99dfb8c7c083b2b582a"
    integrity sha512-JIYlbt6g8i5jKfJ3xz7rF0LXmv2TkDxBLUkiBeZ7bAx4GnnNMr8xFpGnOxn6GhTEHx3SjRrZEoU+j04prX1ktg==
  
  minimatch@^3.0.4, minimatch@^3.1.1:
    version "3.1.2"
    resolved "https://registry.yarnpkg.com/minimatch/-/minimatch-3.1.2.tgz#19cd194bfd3e428f049a70817c038d89ab4be35b"
    integrity sha512-J7p63hRiAjw1NDEww1W7i37+ByIrOWO5XQQAzZ3VOcL0PNybwpfmV/N05zFAzwQ9USyEcX6t3UO+K5aqBQOIHw==
    dependencies:
      brace-expansion "^1.1.7"
  
  minimist@^1.2.0, minimist@^1.2.3, minimist@^1.2.7:
    version "1.2.8"
    resolved "https://registry.yarnpkg.com/minimist/-/minimist-1.2.8.tgz#c1a464e7693302e082a075cee0c057741ac4772c"
    integrity sha512-2yyAR8qBkN3YuheJanUpWC5U3bb5osDywNB8RzDVlDwDHbocAJveqqj1u8+SVD7jkWT4yvsHCpWqqWqAxb0zCA==
  
  mkdirp-classic@^0.5.2, mkdirp-classic@^0.5.3:
    version "0.5.3"
    resolved "https://registry.yarnpkg.com/mkdirp-classic/-/mkdirp-classic-0.5.3.tgz#fa10c9115cc6d8865be221ba47ee9bed78601113"
    integrity sha512-gKLcREMhtuZRwRAfqP3RFW+TK4JqApVBtOIftVgjuABpAtpxhPGaDcfvbhNvD0B8iD1oUr/txX35NjcaY6Ns/A==
  
  ms@2.0.0:
    version "2.0.0"
    resolved "https://registry.yarnpkg.com/ms/-/ms-2.0.0.tgz#5608aeadfc00be6c2901df5f9861788de0d597c8"
    integrity sha512-Tpp60P6IUJDTuOq/5Z8cdskzJujfwqfOTkrwIwj7IRISpnkJnT6SyJ4PCPnGMoFjC9ddhal5KVIYtAt97ix05A==
  
  ms@2.1.2:
    version "2.1.2"
    resolved "https://registry.yarnpkg.com/ms/-/ms-2.1.2.tgz#d09d1f357b443f493382a8eb3ccd183872ae6009"
    integrity sha512-sGkPx+VjMtmA6MX27oA4FBFELFCZZ4S4XqeGOXCv68tT+jb3vk/RyaKWP0PTKyWtmLSM0b+adUTEvbs1PEaH2w==
  
  mz@^2.7.0:
    version "2.7.0"
    resolved "https://registry.yarnpkg.com/mz/-/mz-2.7.0.tgz#95008057a56cafadc2bc63dde7f9ff6955948e32"
    integrity sha512-z81GNO7nnYMEhrGh9LeymoE4+Yr0Wn5McHIZMK5cfQCl+NDX08sCZgUc9/6MHni9IWuFLm1Z3HTCXu2z9fN62Q==
    dependencies:
      any-promise "^1.0.0"
      object-assign "^4.0.1"
      thenify-all "^1.0.0"
  
  nano-css@^5.3.1:
    version "5.3.5"
    resolved "https://registry.yarnpkg.com/nano-css/-/nano-css-5.3.5.tgz#3075ea29ffdeb0c7cb6d25edb21d8f7fa8e8fe8e"
    integrity sha512-vSB9X12bbNu4ALBu7nigJgRViZ6ja3OU7CeuiV1zMIbXOdmkLahgtPmh3GBOlDxbKY0CitqlPdOReGlBLSp+yg==
    dependencies:
      css-tree "^1.1.2"
      csstype "^3.0.6"
      fastest-stable-stringify "^2.0.2"
      inline-style-prefixer "^6.0.0"
      rtl-css-js "^1.14.0"
      sourcemap-codec "^1.4.8"
      stacktrace-js "^2.0.2"
      stylis "^4.0.6"
  
  nano-time@1.0.0:
    version "1.0.0"
    resolved "https://registry.yarnpkg.com/nano-time/-/nano-time-1.0.0.tgz#b0554f69ad89e22d0907f7a12b0993a5d96137ef"
    integrity sha512-flnngywOoQ0lLQOTRNexn2gGSNuM9bKj9RZAWSzhQ+UJYaAFG9bac4DW9VHjUAzrOaIcajHybCTHe/bkvozQqA==
    dependencies:
      big-integer "^1.6.16"
  
  nanoclone@^0.2.1:
    version "0.2.1"
    resolved "https://registry.yarnpkg.com/nanoclone/-/nanoclone-0.2.1.tgz#dd4090f8f1a110d26bb32c49ed2f5b9235209ed4"
    integrity sha512-wynEP02LmIbLpcYw8uBKpcfF6dmg2vcpKqxeH5UcoKEYdExslsdUA4ugFauuaeYdTB76ez6gJW8XAZ6CgkXYxA==
  
  nanoid@^3.3.4, nanoid@^3.3.6:
    version "3.3.6"
    resolved "https://registry.yarnpkg.com/nanoid/-/nanoid-3.3.6.tgz#443380c856d6e9f9824267d960b4236ad583ea4c"
    integrity sha512-BGcqMMJuToF7i1rt+2PWSNVnWIkGCU78jBG3RxO/bZlnZPK2Cmi2QaffxGO/2RvWi9sL+FAiRiXMgsyxQ1DIDA==
  
  napi-build-utils@^1.0.1:
    version "1.0.2"
    resolved "https://registry.yarnpkg.com/napi-build-utils/-/napi-build-utils-1.0.2.tgz#b1fddc0b2c46e380a0b7a76f984dd47c41a13806"
    integrity sha512-ONmRUqK7zj7DWX0D9ADe03wbwOBZxNAfF20PlGfCWQcD3+/MakShIHrMqx9YwPTfxDdF1zLeL+RGZiR9kGMLdg==
  
  next-pwa@^2.0.2:
    version "2.6.3"
    resolved "https://registry.yarnpkg.com/next-pwa/-/next-pwa-2.6.3.tgz#4c98155318c829142c1f9270704b62880945097b"
    integrity sha512-WYjp7Yv736S6GwBG+FwC5E1OOVS2Y21Pr6STGLRfRxJc0SX55OlC/0E97iLddQck8KXKYQNrZAwct/M1Cwfodw==
    dependencies:
      clean-webpack-plugin "^3.0.0"
      globby "^11.0.0"
      workbox-webpack-plugin "^5.1.3"
      workbox-window "^5.1.3"
  
  next-seo@^5.5.0:
    version "5.15.0"
    resolved "https://registry.yarnpkg.com/next-seo/-/next-seo-5.15.0.tgz#b1a90508599774982909ea44803323c6fb7b50f4"
    integrity sha512-LGbcY91yDKGMb7YI+28n3g+RuChUkt6pXNpa8FkfKkEmNiJkeRDEXTnnjVtwT9FmMhG6NH8qwHTelGrlYm9rgg==
  
  next-sitemap@^3.1.22:
    version "3.1.55"
    resolved "https://registry.yarnpkg.com/next-sitemap/-/next-sitemap-3.1.55.tgz#9ba3ce6a22d8da641c241ddd644e1e3aef9a13c5"
    integrity sha512-ZjkRfkqoSLbU+e8W9TWWe0zfOGNA47lpvm35kNcUCmj73gpLX2PIn51gwHT/B6bgGVAFYY0OXixJDrxIIwcEHw==
    dependencies:
      "@corex/deepmerge" "^4.0.29"
      minimist "^1.2.7"
  
  next-themes@^0.2.1:
    version "0.2.1"
    resolved "https://registry.yarnpkg.com/next-themes/-/next-themes-0.2.1.tgz#0c9f128e847979daf6c67f70b38e6b6567856e45"
    integrity sha512-B+AKNfYNIzh0vqQQKqQItTS8evEouKD7H5Hj3kmuPERwddR2TxvDSFZuTj6T7Jfn1oyeUyJMydPl1Bkxkh0W7A==
  
  next@^13.3.0:
    version "13.4.19"
    resolved "https://registry.yarnpkg.com/next/-/next-13.4.19.tgz#2326e02aeedee2c693d4f37b90e4f0ed6882b35f"
    integrity sha512-HuPSzzAbJ1T4BD8e0bs6B9C1kWQ6gv8ykZoRWs5AQoiIuqbGHHdQO7Ljuvg05Q0Z24E2ABozHe6FxDvI6HfyAw==
    dependencies:
      "@next/env" "13.4.19"
      "@swc/helpers" "0.5.1"
      busboy "1.6.0"
      caniuse-lite "^1.0.30001406"
      postcss "8.4.14"
      styled-jsx "5.1.1"
      watchpack "2.4.0"
      zod "3.21.4"
    optionalDependencies:
      "@next/swc-darwin-arm64" "13.4.19"
      "@next/swc-darwin-x64" "13.4.19"
      "@next/swc-linux-arm64-gnu" "13.4.19"
      "@next/swc-linux-arm64-musl" "13.4.19"
      "@next/swc-linux-x64-gnu" "13.4.19"
      "@next/swc-linux-x64-musl" "13.4.19"
      "@next/swc-win32-arm64-msvc" "13.4.19"
      "@next/swc-win32-ia32-msvc" "13.4.19"
      "@next/swc-win32-x64-msvc" "13.4.19"
  
  node-abi@^3.3.0:
    version "3.47.0"
    resolved "https://registry.yarnpkg.com/node-abi/-/node-abi-3.47.0.tgz#6cbfa2916805ae25c2b7156ca640131632eb05e8"
    integrity sha512-2s6B2CWZM//kPgwnuI0KrYwNjfdByE25zvAaEpq9IH4zcNsarH8Ihu/UuX6XMPEogDAxkuUFeZn60pXNHAqn3A==
    dependencies:
      semver "^7.3.5"
  
  node-addon-api@^6.1.0:
    version "6.1.0"
    resolved "https://registry.yarnpkg.com/node-addon-api/-/node-addon-api-6.1.0.tgz#ac8470034e58e67d0c6f1204a18ae6995d9c0d76"
    integrity sha512-+eawOlIgy680F0kBzPUNFhMZGtJ1YmqM6l4+Crf4IkImjYrO/mqPwRMh352g23uIaQKFItcQ64I7KMaJxHgAVA==
  
  node-fetch@^2.6.12:
    version "2.7.0"
    resolved "https://registry.yarnpkg.com/node-fetch/-/node-fetch-2.7.0.tgz#d0f0fa6e3e2dc1d27efcd8ad99d550bda94d187d"
    integrity sha512-c4FRfUm/dbcWZ7U+1Wq0AwCyFL+3nt2bEw05wfxSz+DWpWsitgmSgYmy2dQdWyKC1694ELPqMs/YzUSNozLt8A==
    dependencies:
      whatwg-url "^5.0.0"
  
  node-releases@^2.0.13:
    version "2.0.13"
    resolved "https://registry.yarnpkg.com/node-releases/-/node-releases-2.0.13.tgz#d5ed1627c23e3461e819b02e57b75e4899b1c81d"
    integrity sha512-uYr7J37ae/ORWdZeQ1xxMJe3NtdmqMC/JZK+geofDrkLUApKRHPd18/TxtBOJ4A0/+uUIliorNrfYV6s1b02eQ==
  
  normalize-path@^3.0.0, normalize-path@~3.0.0:
    version "3.0.0"
    resolved "https://registry.yarnpkg.com/normalize-path/-/normalize-path-3.0.0.tgz#0dcd69ff23a1c9b11fd0978316644a0388216a65"
    integrity sha512-6eZs5Ls3WtCisHWp9S2GUy8dqkpGi4BVSz3GaqiE6ezub0512ESztXUwUB6C6IKbQkY2Pnb/mD4WYojCRwcwLA==
  
  normalize-range@^0.1.2:
    version "0.1.2"
    resolved "https://registry.yarnpkg.com/normalize-range/-/normalize-range-0.1.2.tgz#2d10c06bdfd312ea9777695a4d28439456b75942"
    integrity sha512-bdok/XvKII3nUpklnV6P2hxtMNrCboOjAcyBuQnWEhO665FwrSNRxU+AqpsyvO6LgGYPspN+lu5CLtw4jPRKNA==
  
  npm-run-path@^5.1.0:
    version "5.1.0"
    resolved "https://registry.yarnpkg.com/npm-run-path/-/npm-run-path-5.1.0.tgz#bc62f7f3f6952d9894bd08944ba011a6ee7b7e00"
    integrity sha512-sJOdmRGrY2sjNTRMbSvluQqg+8X7ZK61yvzBEIDhz4f8z1TZFYABsqjjCBd/0PUNE9M6QDgHJXQkGUEm7Q+l9Q==
    dependencies:
      path-key "^4.0.0"
  
  object-assign@^4.0.1, object-assign@^4.1.1:
    version "4.1.1"
    resolved "https://registry.yarnpkg.com/object-assign/-/object-assign-4.1.1.tgz#2109adc7965887cfc05cbbd442cac8bfbb360863"
    integrity sha512-rJgTQnkUnH1sFw8yT6VSU3zD3sWmu6sZhIseY8VX+GRu3P6F7Fu+JNDoXfklElbLJSnc3FUQHVe4cU5hj+BcUg==
  
  object-hash@^3.0.0:
    version "3.0.0"
    resolved "https://registry.yarnpkg.com/object-hash/-/object-hash-3.0.0.tgz#73f97f753e7baffc0e2cc9d6e079079744ac82e9"
    integrity sha512-RSn9F68PjH9HqtltsSnqYC1XXoWe9Bju5+213R98cNGttag9q9yAOTzdbsqvIa7aNm5WffBZFpWYr2aWrklWAw==
  
  oblivious-set@1.0.0:
    version "1.0.0"
    resolved "https://registry.yarnpkg.com/oblivious-set/-/oblivious-set-1.0.0.tgz#c8316f2c2fb6ff7b11b6158db3234c49f733c566"
    integrity sha512-z+pI07qxo4c2CulUHCDf9lcqDlMSo72N/4rLUpRXf6fu+q8vjt8y0xS+Tlf8NTJDdTXHbdeO1n3MlbctwEoXZw==
  
  once@^1.3.0, once@^1.3.1, once@^1.4.0:
    version "1.4.0"
    resolved "https://registry.yarnpkg.com/once/-/once-1.4.0.tgz#583b1aa775961d4b113ac17d9c50baef9dd76bd1"
    integrity sha512-lNaJgI+2Q5URQBkccEKHTQOPaXdUxnZZElQTZY0MFUAuaEqe1E+Nyvgdz/aIyNi6Z9MzO5dv1H8n58/GELp3+w==
    dependencies:
      wrappy "1"
  
  onetime@^5.1.0:
    version "5.1.2"
    resolved "https://registry.yarnpkg.com/onetime/-/onetime-5.1.2.tgz#d0e96ebb56b07476df1dd9c4806e5237985ca45e"
    integrity sha512-kbpaSSGJTWdAY5KPVeMOKXSrPtr8C8C7wodJbcsd51jRnmD+GZu8Y0VoU6Dm5Z4vWr0Ig/1NKuWRKf7j5aaYSg==
    dependencies:
      mimic-fn "^2.1.0"
  
  onetime@^6.0.0:
    version "6.0.0"
    resolved "https://registry.yarnpkg.com/onetime/-/onetime-6.0.0.tgz#7c24c18ed1fd2e9bca4bd26806a33613c77d34b4"
    integrity sha512-1FlR+gjXK7X+AsAHso35MnyN5KqGwJRi/31ft6x0M194ht7S+rWAvd7PHss9xSKMzE0asv1pyIHaJYq+BbacAQ==
    dependencies:
      mimic-fn "^4.0.0"
  
  overlayscrollbars-react@^0.3.0:
    version "0.3.0"
    resolved "https://registry.yarnpkg.com/overlayscrollbars-react/-/overlayscrollbars-react-0.3.0.tgz#6d18e741897131643aa8afbc7fed735fbd106c9c"
    integrity sha512-dV74p9VL/aImqJpeYz0vmpScZYu6UiNTmRKfyI4CS0OYUpYCUiTd723adY38Grz2W57hoNCECWDzkOJRFDQeZg==
  
  overlayscrollbars@^1.13.1:
    version "1.13.3"
    resolved "https://registry.yarnpkg.com/overlayscrollbars/-/overlayscrollbars-1.13.3.tgz#992c96fd2c8535802d1e56c40bc12ec03076c626"
    integrity sha512-1nB/B5kaakJuHXaLXLRK0bUIilWhUGT6q5g+l2s5vqYdLle/sd0kscBHkQC1kuuDg9p9WR4MTdySDOPbeL/86g==
  
  p-map@^2.0.0:
    version "2.1.0"
    resolved "https://registry.yarnpkg.com/p-map/-/p-map-2.1.0.tgz#310928feef9c9ecc65b68b17693018a665cea175"
    integrity sha512-y3b8Kpd8OAN444hxfBbFfj1FY/RjtTd8tzYwhUqNYXx0fXx2iX4maP4Qr6qhIKbQXI02wTLAda4fYUbDagTUFw==
  
  path-is-absolute@^1.0.0:
    version "1.0.1"
    resolved "https://registry.yarnpkg.com/path-is-absolute/-/path-is-absolute-1.0.1.tgz#174b9268735534ffbc7ace6bf53a5a9e1b5c5f5f"
    integrity sha512-AVbw3UJ2e9bq64vSaS9Am0fje1Pa8pbGqTTsmXfaIiMpnr5DlDhfJOuLj9Sf95ZPVDAUerDfEk88MPmPe7UCQg==
  
  path-is-inside@^1.0.2:
    version "1.0.2"
    resolved "https://registry.yarnpkg.com/path-is-inside/-/path-is-inside-1.0.2.tgz#365417dede44430d1c11af61027facf074bdfc53"
    integrity sha512-DUWJr3+ULp4zXmol/SZkFf3JGsS9/SIv+Y3Rt93/UjPpDpklB5f1er4O3POIbUuUJ3FXgqte2Q7SrU6zAqwk8w==
  
  path-key@^3.1.0:
    version "3.1.1"
    resolved "https://registry.yarnpkg.com/path-key/-/path-key-3.1.1.tgz#581f6ade658cbba65a0d3380de7753295054f375"
    integrity sha512-ojmeN0qd+y0jszEtoY48r0Peq5dwMEkIlCOu6Q5f41lfkswXuKtYrhgoTpLnyIcHm24Uhqx+5Tqm2InSwLhE6Q==
  
  path-key@^4.0.0:
    version "4.0.0"
    resolved "https://registry.yarnpkg.com/path-key/-/path-key-4.0.0.tgz#295588dc3aee64154f877adb9d780b81c554bf18"
    integrity sha512-haREypq7xkM7ErfgIyA0z+Bj4AGKlMSdlQE2jvJo6huWD1EdkKYV+G/T4nq0YEF2vgTT8kqMFKo1uHn950r4SQ==
  
  path-parse@^1.0.7:
    version "1.0.7"
    resolved "https://registry.yarnpkg.com/path-parse/-/path-parse-1.0.7.tgz#fbc114b60ca42b30d9daf5858e4bd68bbedb6735"
    integrity sha512-LDJzPVEEEPR+y48z93A0Ed0yXb8pAByGWo/k5YYdYgpY2/2EsOsksJrq7lOHxryrVOn1ejG6oAp8ahvOIQD8sw==
  
  path-type@^4.0.0:
    version "4.0.0"
    resolved "https://registry.yarnpkg.com/path-type/-/path-type-4.0.0.tgz#84ed01c0a7ba380afe09d90a8c180dcd9d03043b"
    integrity sha512-gDKb8aZMDeD/tZWs9P6+q0J9Mwkdl6xMV8TjnGP3qJVJ06bdMgkbBlLU8IdfOsIsFz2BW1rNVT3XuNEl8zPAvw==
  
  picocolors@^1.0.0:
    version "1.0.0"
    resolved "https://registry.yarnpkg.com/picocolors/-/picocolors-1.0.0.tgz#cb5bdc74ff3f51892236eaf79d68bc44564ab81c"
    integrity sha512-1fygroTLlHu66zi26VoTDv8yRgm0Fccecssto+MhsZ0D/DGW2sm8E8AjW7NU5VVTRt5GxbeZ5qBuJr+HyLYkjQ==
  
  picomatch@^2.0.4, picomatch@^2.2.1, picomatch@^2.2.2, picomatch@^2.3.1:
    version "2.3.1"
    resolved "https://registry.yarnpkg.com/picomatch/-/picomatch-2.3.1.tgz#3ba3833733646d9d3e4995946c1365a67fb07a42"
    integrity sha512-JU3teHTNjmE2VCGFzuY8EXzCDVwEqB2a8fsIvwaStHhAWJEeVd1o1QD80CU6+ZdEXXSLbSsuLwJjkCBWqRQUVA==
  
  pidtree@0.6.0:
    version "0.6.0"
    resolved "https://registry.yarnpkg.com/pidtree/-/pidtree-0.6.0.tgz#90ad7b6d42d5841e69e0a2419ef38f8883aa057c"
    integrity sha512-eG2dWTVw5bzqGRztnHExczNxt5VGsE6OwTeCG3fdUf9KBsZzO3R5OIIIzWR+iZA0NtZ+RDVdaoE2dK1cn6jH4g==
  
  pify@^2.0.0, pify@^2.3.0:
    version "2.3.0"
    resolved "https://registry.yarnpkg.com/pify/-/pify-2.3.0.tgz#ed141a6ac043a849ea588498e7dca8b15330e90c"
    integrity sha512-udgsAY+fTnvv7kI7aaxbqwWNb0AHiB0qBO89PZKPkoTmGOgdbrHDKD+0B2X4uTfJ/FT1R09r9gTsjUjNJotuog==
  
  pify@^4.0.1:
    version "4.0.1"
    resolved "https://registry.yarnpkg.com/pify/-/pify-4.0.1.tgz#4b2cd25c50d598735c50292224fd8c6df41e3231"
    integrity sha512-uB80kBFb/tfd68bVleG9T5GGsGPjJrLAUpR5PZIrhBnIaRTQRjqdJSsIKkOP6OAIFbj7GOrcudc5pNjZ+geV2g==
  
  pinkie-promise@^2.0.0:
    version "2.0.1"
    resolved "https://registry.yarnpkg.com/pinkie-promise/-/pinkie-promise-2.0.1.tgz#2135d6dfa7a358c069ac9b178776288228450ffa"
    integrity sha512-0Gni6D4UcLTbv9c57DfxDGdr41XfgUjqWZu492f0cIGr16zDU06BWP/RAEvOuo7CQ0CNjHaLlM59YJJFm3NWlw==
    dependencies:
      pinkie "^2.0.0"
  
  pinkie@^2.0.0:
    version "2.0.4"
    resolved "https://registry.yarnpkg.com/pinkie/-/pinkie-2.0.4.tgz#72556b80cfa0d48a974e80e77248e80ed4f7f870"
    integrity sha512-MnUuEycAemtSaeFSjXKW/aroV7akBbY+Sv+RkyqFjgAe73F+MR0TBWKBRDkmfWq/HiFmdavfZ1G7h4SPZXaCSg==
  
  pirates@^4.0.1:
    version "4.0.6"
    resolved "https://registry.yarnpkg.com/pirates/-/pirates-4.0.6.tgz#3018ae32ecfcff6c29ba2267cbf21166ac1f36b9"
    integrity sha512-saLsH7WeYYPiD25LDuLRRY/i+6HaPYr6G1OUlN39otzkSTxKnubR9RTxS3/Kk50s1g2JTgFwWQDQyplC5/SHZg==
  
  postcss-import@^15.1.0:
    version "15.1.0"
    resolved "https://registry.yarnpkg.com/postcss-import/-/postcss-import-15.1.0.tgz#41c64ed8cc0e23735a9698b3249ffdbf704adc70"
    integrity sha512-hpr+J05B2FVYUAXHeK1YyI267J/dDDhMU6B6civm8hSY1jYJnBXxzKDKDswzJmtLHryrjhnDjqqp/49t8FALew==
    dependencies:
      postcss-value-parser "^4.0.0"
      read-cache "^1.0.0"
      resolve "^1.1.7"
  
  postcss-js@^4.0.1:
    version "4.0.1"
    resolved "https://registry.yarnpkg.com/postcss-js/-/postcss-js-4.0.1.tgz#61598186f3703bab052f1c4f7d805f3991bee9d2"
    integrity sha512-dDLF8pEO191hJMtlHFPRa8xsizHaM82MLfNkUHdUtVEV3tgTp5oj+8qbEqYM57SLfc74KSbw//4SeJma2LRVIw==
    dependencies:
      camelcase-css "^2.0.1"
  
  postcss-load-config@^4.0.1:
    version "4.0.1"
    resolved "https://registry.yarnpkg.com/postcss-load-config/-/postcss-load-config-4.0.1.tgz#152383f481c2758274404e4962743191d73875bd"
    integrity sha512-vEJIc8RdiBRu3oRAI0ymerOn+7rPuMvRXslTvZUKZonDHFIczxztIyJ1urxM1x9JXEikvpWWTUUqal5j/8QgvA==
    dependencies:
      lilconfig "^2.0.5"
      yaml "^2.1.1"
  
  postcss-nested@^6.0.1:
    version "6.0.1"
    resolved "https://registry.yarnpkg.com/postcss-nested/-/postcss-nested-6.0.1.tgz#f83dc9846ca16d2f4fa864f16e9d9f7d0961662c"
    integrity sha512-mEp4xPMi5bSWiMbsgoPfcP74lsWLHkQbZc3sY+jWYd65CUwXrUaTp0fmNpa01ZcETKlIgUdFN/MpS2xZtqL9dQ==
    dependencies:
      postcss-selector-parser "^6.0.11"
  
  postcss-selector-parser@6.0.10:
    version "6.0.10"
    resolved "https://registry.yarnpkg.com/postcss-selector-parser/-/postcss-selector-parser-6.0.10.tgz#79b61e2c0d1bfc2602d549e11d0876256f8df88d"
    integrity sha512-IQ7TZdoaqbT+LCpShg46jnZVlhWD2w6iQYAcYXfHARZ7X1t/UGhhceQDs5X0cGqKvYlHNOuv7Oa1xmb0oQuA3w==
    dependencies:
      cssesc "^3.0.0"
      util-deprecate "^1.0.2"
  
  postcss-selector-parser@^6.0.11:
    version "6.0.13"
    resolved "https://registry.yarnpkg.com/postcss-selector-parser/-/postcss-selector-parser-6.0.13.tgz#d05d8d76b1e8e173257ef9d60b706a8e5e99bf1b"
    integrity sha512-EaV1Gl4mUEV4ddhDnv/xtj7sxwrwxdetHdWUGnT4VJQf+4d05v6lHYZr8N573k5Z0BViss7BDhfWtKS3+sfAqQ==
    dependencies:
      cssesc "^3.0.0"
      util-deprecate "^1.0.2"
  
  postcss-value-parser@^3.3.0:
    version "3.3.1"
    resolved "https://registry.yarnpkg.com/postcss-value-parser/-/postcss-value-parser-3.3.1.tgz#9ff822547e2893213cf1c30efa51ac5fd1ba8281"
    integrity sha512-pISE66AbVkp4fDQ7VHBwRNXzAAKJjw4Vw7nWI/+Q3vuly7SNfgYXvm6i5IgFylHGK5sP/xHAbB7N49OS4gWNyQ==
  
  postcss-value-parser@^4.0.0, postcss-value-parser@^4.0.2, postcss-value-parser@^4.2.0:
    version "4.2.0"
    resolved "https://registry.yarnpkg.com/postcss-value-parser/-/postcss-value-parser-4.2.0.tgz#723c09920836ba6d3e5af019f92bc0971c02e514"
    integrity sha512-1NNCs6uurfkVbeXG4S8JFT9t19m45ICnif8zWLd5oPSZ50QnwMfK+H3jv408d4jw/7Bttv5axS5IiHoLaVNHeQ==
  
  postcss@8.4.14:
    version "8.4.14"
    resolved "https://registry.yarnpkg.com/postcss/-/postcss-8.4.14.tgz#ee9274d5622b4858c1007a74d76e42e56fd21caf"
    integrity sha512-E398TUmfAYFPBSdzgeieK2Y1+1cpdxJx8yXbK/m57nRhKSmk1GB2tO4lbLBtlkfPQTDKfe4Xqv1ASWPpayPEig==
    dependencies:
      nanoid "^3.3.4"
      picocolors "^1.0.0"
      source-map-js "^1.0.2"
  
  postcss@^8.4.16, postcss@^8.4.23:
    version "8.4.28"
    resolved "https://registry.yarnpkg.com/postcss/-/postcss-8.4.28.tgz#c6cc681ed00109072816e1557f889ef51cf950a5"
    integrity sha512-Z7V5j0cq8oEKyejIKfpD8b4eBy9cwW2JWPk0+fB1HOAMsfHbnAXLLS+PfVWlzMSLQaWttKDt607I0XHmpE67Vw==
    dependencies:
      nanoid "^3.3.6"
      picocolors "^1.0.0"
      source-map-js "^1.0.2"
  
  prebuild-install@^7.1.1:
    version "7.1.1"
    resolved "https://registry.yarnpkg.com/prebuild-install/-/prebuild-install-7.1.1.tgz#de97d5b34a70a0c81334fd24641f2a1702352e45"
    integrity sha512-jAXscXWMcCK8GgCoHOfIr0ODh5ai8mj63L2nWrjuAgXE6tDyYGnx4/8o/rCgU+B4JSyZBKbeZqzhtwtC3ovxjw==
    dependencies:
      detect-libc "^2.0.0"
      expand-template "^2.0.3"
      github-from-package "0.0.0"
      minimist "^1.2.3"
      mkdirp-classic "^0.5.3"
      napi-build-utils "^1.0.1"
      node-abi "^3.3.0"
      pump "^3.0.0"
      rc "^1.2.7"
      simple-get "^4.0.0"
      tar-fs "^2.0.0"
      tunnel-agent "^0.6.0"
  
  prettier-plugin-tailwindcss@^0.1.13:
    version "0.1.13"
    resolved "https://registry.yarnpkg.com/prettier-plugin-tailwindcss/-/prettier-plugin-tailwindcss-0.1.13.tgz#ca1071361dc7e2ed5d95a2ee36825ce45f814942"
    integrity sha512-/EKQURUrxLu66CMUg4+1LwGdxnz8of7IDvrSLqEtDqhLH61SAlNNUSr90UTvZaemujgl3OH/VHg+fyGltrNixw==
  
  prettier@^2.7.0:
    version "2.8.8"
    resolved "https://registry.yarnpkg.com/prettier/-/prettier-2.8.8.tgz#e8c5d7e98a4305ffe3de2e1fc4aca1a71c28b1da"
    integrity sha512-tdN8qQGvNjw4CHbY+XXk0JgCXn9QiF21a55rBe5LJAU+kDyC4WQn4+awm2Xfk2lQMk5fKup9XgzTZtGkjBdP9Q==
  
  pretty-bytes@^5.3.0:
    version "5.6.0"
    resolved "https://registry.yarnpkg.com/pretty-bytes/-/pretty-bytes-5.6.0.tgz#356256f643804773c82f64723fe78c92c62beaeb"
    integrity sha512-FFw039TmrBqFK8ma/7OL3sDz/VytdtJr044/QUJtH0wK9lb9jLq9tJyIxUwtQJHwar2BqtiA4iCWSwo9JLkzFg==
  
  prop-types@^15.6.2, prop-types@^15.7.2, prop-types@^15.8.1:
    version "15.8.1"
    resolved "https://registry.yarnpkg.com/prop-types/-/prop-types-15.8.1.tgz#67d87bf1a694f48435cf332c24af10214a3140b5"
    integrity sha512-oj87CgZICdulUohogVAR7AjlC0327U4el4L6eAvOqCeudMDVU0NThNaV+b9Df4dXgSP1gXMTnPdhfe/2qDH5cg==
    dependencies:
      loose-envify "^1.4.0"
      object-assign "^4.1.1"
      react-is "^16.13.1"
  
  property-expr@^2.0.4:
    version "2.0.5"
    resolved "https://registry.yarnpkg.com/property-expr/-/property-expr-2.0.5.tgz#278bdb15308ae16af3e3b9640024524f4dc02cb4"
    integrity sha512-IJUkICM5dP5znhCckHSv30Q4b5/JA5enCtkRHYaOVOAocnH/1BQEYTC5NMfT3AVl/iXKdr3aqQbQn9DxyWknwA==
  
  pump@^3.0.0:
    version "3.0.0"
    resolved "https://registry.yarnpkg.com/pump/-/pump-3.0.0.tgz#b4a2116815bde2f4e1ea602354e8c75565107a64"
    integrity sha512-LwZy+p3SFs1Pytd/jYct4wpv49HiYCqd9Rlc5ZVdk0V+8Yzv6jR5Blk3TRmPL1ft69TxP0IMZGJ+WPFU2BFhww==
    dependencies:
      end-of-stream "^1.1.0"
      once "^1.3.1"
  
  qr-code-styling@1.6.0-rc.1:
    version "1.6.0-rc.1"
    resolved "https://registry.yarnpkg.com/qr-code-styling/-/qr-code-styling-1.6.0-rc.1.tgz#6c89e185fa50cc9135101085c12ae95b06f1b290"
    integrity sha512-ModRIiW6oUnsP18QzrRYZSc/CFKFKIdj7pUs57AEVH20ajlglRpN3HukjHk0UbNMTlKGuaYl7Gt6/O5Gg2NU2Q==
    dependencies:
      qrcode-generator "^1.4.3"
  
  qrcode-generator@^1.4.3:
    version "1.4.4"
    resolved "https://registry.yarnpkg.com/qrcode-generator/-/qrcode-generator-1.4.4.tgz#63f771224854759329a99048806a53ed278740e7"
    integrity sha512-HM7yY8O2ilqhmULxGMpcHSF1EhJJ9yBj8gvDEuZ6M+KGJ0YY2hKpnXvRD+hZPLrDVck3ExIGhmPtSdcjC+guuw==
  
  query-string@6.13.5:
    version "6.13.5"
    resolved "https://registry.yarnpkg.com/query-string/-/query-string-6.13.5.tgz#99e95e2fb7021db90a6f373f990c0c814b3812d8"
    integrity sha512-svk3xg9qHR39P3JlHuD7g3nRnyay5mHbrPctEBDUxUkHRifPHXJDhBUycdCC0NBjXoDf44Gb+IsOZL1Uwn8M/Q==
    dependencies:
      decode-uri-component "^0.2.0"
      split-on-first "^1.0.0"
      strict-uri-encode "^2.0.0"
  
  queue-microtask@^1.2.2:
    version "1.2.3"
    resolved "https://registry.yarnpkg.com/queue-microtask/-/queue-microtask-1.2.3.tgz#4929228bbc724dfac43e0efb058caf7b6cfb6243"
    integrity sha512-NuaNSa6flKT5JaSYQzJok04JzTL1CA6aGhv5rfLW3PgqA+M2ChpZQnAC8h8i4ZFkBS8X5RqkDBHA7r4hej3K9A==
  
  queue-tick@^1.0.1:
    version "1.0.1"
    resolved "https://registry.yarnpkg.com/queue-tick/-/queue-tick-1.0.1.tgz#f6f07ac82c1fd60f82e098b417a80e52f1f4c142"
    integrity sha512-kJt5qhMxoszgU/62PLP1CJytzd2NKetjSRnyuj31fDd3Rlcz3fzlFdFLD1SItunPwyqEOkca6GbV612BWfaBag==
  
  randombytes@^2.1.0:
    version "2.1.0"
    resolved "https://registry.yarnpkg.com/randombytes/-/randombytes-2.1.0.tgz#df6f84372f0270dc65cdf6291349ab7a473d4f2a"
    integrity sha512-vYl3iOX+4CKUWuxGi9Ukhie6fsqXqS9FE2Zaic4tNFD2N2QQaXOMFbuKK4QmDHC0JO6B1Zp41J0LpT0oR68amQ==
    dependencies:
      safe-buffer "^5.1.0"
  
  rc-slider@^10.0.1:
    version "10.2.1"
    resolved "https://registry.yarnpkg.com/rc-slider/-/rc-slider-10.2.1.tgz#9b571d19f740adcacdde271f44901a47717fd8da"
    integrity sha512-l355C/65iV4UFp7mXq5xBTNX2/tF2g74VWiTVlTpNp+6vjE/xaHHNiQq5Af+Uu28uUiqCuH/QXs5HfADL9KJ/A==
    dependencies:
      "@babel/runtime" "^7.10.1"
      classnames "^2.2.5"
      rc-util "^5.27.0"
  
  rc-util@^5.27.0:
    version "5.37.0"
    resolved "https://registry.yarnpkg.com/rc-util/-/rc-util-5.37.0.tgz#6df9a55cb469b41b6995530a45b5f3dd3219a4ea"
    integrity sha512-cPMV8DzaHI1KDaS7XPRXAf4J7mtBqjvjikLpQieaeOO7+cEbqY2j7Kso/T0R0OiEZTNcLS/8Zl9YrlXiO9UbjQ==
    dependencies:
      "@babel/runtime" "^7.18.3"
      react-is "^16.12.0"
  
  rc@^1.2.7:
    version "1.2.8"
    resolved "https://registry.yarnpkg.com/rc/-/rc-1.2.8.tgz#cd924bf5200a075b83c188cd6b9e211b7fc0d3ed"
    integrity sha512-y3bGgqKj3QBdxLbLkomlohkvsA8gdAiUQlSBJnBhfn+BPxg4bc62d8TcBW15wavDfgexCgccckhcZvywyQYPOw==
    dependencies:
      deep-extend "^0.6.0"
      ini "~1.3.0"
      minimist "^1.2.0"
      strip-json-comments "~2.0.1"
  
  react-countdown@^2.3.2:
    version "2.3.5"
    resolved "https://registry.yarnpkg.com/react-countdown/-/react-countdown-2.3.5.tgz#70c035b5cbc7e8fdb4ad91fe5f44afd7a7933a68"
    integrity sha512-K26ENYEesMfPxhRRtm1r+Pf70SErrvW3g4CArLi/x6MPFjgfDFYePT4UghEj8p2nI0cqVV7/JjDgjyr//U60Og==
    dependencies:
      prop-types "^15.7.2"
  
  react-dom@18.2.0:
    version "18.2.0"
    resolved "https://registry.yarnpkg.com/react-dom/-/react-dom-18.2.0.tgz#22aaf38708db2674ed9ada224ca4aa708d821e3d"
    integrity sha512-6IMTriUmvsjHUjNtEDudZfuDQUoWXVxKHhlEGSk81n4YFS+r/Kl99wXiwlVXtPBtJenozv2P+hxDsw9eA7Xo6g==
    dependencies:
      loose-envify "^1.1.0"
      scheduler "^0.23.0"
  
  react-dom@^16.8.6:
    version "16.14.0"
    resolved "https://registry.yarnpkg.com/react-dom/-/react-dom-16.14.0.tgz#7ad838ec29a777fb3c75c3a190f661cf92ab8b89"
    integrity sha512-1gCeQXDLoIqMgqD3IO2Ah9bnf0w9kzhwN5q4FGnHZ67hBm9yePzB5JJAIQCc8x3pFnNlwFq4RidZggNAAkzWWw==
    dependencies:
      loose-envify "^1.1.0"
      object-assign "^4.1.1"
      prop-types "^15.6.2"
      scheduler "^0.19.1"
  
  react-dropzone@^14.2.2:
    version "14.2.3"
    resolved "https://registry.yarnpkg.com/react-dropzone/-/react-dropzone-14.2.3.tgz#0acab68308fda2d54d1273a1e626264e13d4e84b"
    integrity sha512-O3om8I+PkFKbxCukfIR3QAGftYXDZfOE2N1mr/7qebQJHs7U+/RSL/9xomJNpRg9kM5h9soQSdf0Gc7OHF5Fug==
    dependencies:
      attr-accept "^2.2.2"
      file-selector "^0.6.0"
      prop-types "^15.8.1"
  
  react-hook-form@^7.36.0:
    version "7.45.4"
    resolved "https://registry.yarnpkg.com/react-hook-form/-/react-hook-form-7.45.4.tgz#73d228b704026ae95d7e5f7b207a681b173ec62a"
    integrity sha512-HGDV1JOOBPZj10LB3+OZgfDBTn+IeEsNOKiq/cxbQAIbKaiJUe/KV8DBUzsx0Gx/7IG/orWqRRm736JwOfUSWQ==
  
  react-is@^16.10.2, react-is@^16.12.0, react-is@^16.13.1, react-is@^16.7.0:
    version "16.13.1"
    resolved "https://registry.yarnpkg.com/react-is/-/react-is-16.13.1.tgz#789729a4dc36de2999dc156dd6c1d9c18cea56a4"
    integrity sha512-24e6ynE2H+OKt4kqsOvNd8kBpV65zoxbA4BVsEOB3ARVWQki/DHzaUoC5KuON/BiccDaCCTZBuOcfZs70kR8bQ==
  
  react-lifecycles-compat@^3.0.4:
    version "3.0.4"
    resolved "https://registry.yarnpkg.com/react-lifecycles-compat/-/react-lifecycles-compat-3.0.4.tgz#4f1a273afdfc8f3488a8c516bfda78f872352362"
    integrity sha512-fBASbA6LnOU9dOU2eW7aQ8xmYBSXUIWr+UmF9b1efZBazGNO+rcXT/icdKnYm2pTwcRylVUYwW7H1PHfLekVzA==
  
  react-query@^3.39.2:
    version "3.39.3"
    resolved "https://registry.yarnpkg.com/react-query/-/react-query-3.39.3.tgz#4cea7127c6c26bdea2de5fb63e51044330b03f35"
    integrity sha512-nLfLz7GiohKTJDuT4us4X3h/8unOh+00MLb2yJoGTPjxKs2bc1iDhkNx2bd5MKklXnOD3NrVZ+J2UXujA5In4g==
    dependencies:
      "@babel/runtime" "^7.5.5"
      broadcast-channel "^3.4.1"
      match-sorter "^6.0.2"
  
  react-resize-detector@^8.0.4:
    version "8.1.0"
    resolved "https://registry.yarnpkg.com/react-resize-detector/-/react-resize-detector-8.1.0.tgz#1c7817db8bc886e2dbd3fbe3b26ea8e56be0524a"
    integrity sha512-S7szxlaIuiy5UqLhLL1KY3aoyGHbZzsTpYal9eYMwCyKqoqoVLCmIgAgNyIM1FhnP2KyBygASJxdhejrzjMb+w==
    dependencies:
      lodash "^4.17.21"
  
  react-share@^4.4.0:
    version "4.4.1"
    resolved "https://registry.yarnpkg.com/react-share/-/react-share-4.4.1.tgz#4bfb0b512e26afedfea2fb66eb13c95c28fb216a"
    integrity sha512-AJ9m9RiJssqvYg7MoJUc9J0D7b/liWrsfQ99ndKc5vJ4oVHHd4Fy87jBlKEQPibT40oYA3AQ/a9/oQY6/yaigw==
    dependencies:
      classnames "^2.3.2"
      jsonp "^0.2.1"
  
  react-smooth@^2.0.2:
    version "2.0.3"
    resolved "https://registry.yarnpkg.com/react-smooth/-/react-smooth-2.0.3.tgz#2845fa8f22914f2e4445856d5688fb8a7d72f3ae"
    integrity sha512-yl4y3XiMorss7ayF5QnBiSprig0+qFHui8uh7Hgg46QX5O+aRMRKlfGGNGLHno35JkQSvSYY8eCWkBfHfrSHfg==
    dependencies:
      fast-equals "^5.0.0"
      react-transition-group "2.9.0"
  
  react-table@^7.7.0:
    version "7.8.0"
    resolved "https://registry.yarnpkg.com/react-table/-/react-table-7.8.0.tgz#07858c01c1718c09f7f1aed7034fcfd7bda907d2"
    integrity sha512-hNaz4ygkZO4bESeFfnfOft73iBUj8K5oKi1EcSHPAibEydfsX2MyU6Z8KCr3mv3C9Kqqh71U+DhZkFvibbnPbA==
  
  react-tradingview-widget@^1.3.2:
    version "1.3.2"
    resolved "https://registry.yarnpkg.com/react-tradingview-widget/-/react-tradingview-widget-1.3.2.tgz#c3af17bd5f72c4ea40bdf217778f01b100243b74"
    integrity sha512-PQSf2G0zkw9AmE8BlzqNbkzv8GvmJssf+bklG9qal2xQOPVOJ8BHUa7PJuhPfINWvv+h4vKUsj2mdDu9iOOwew==
  
  react-transition-group@2.9.0:
    version "2.9.0"
    resolved "https://registry.yarnpkg.com/react-transition-group/-/react-transition-group-2.9.0.tgz#df9cdb025796211151a436c69a8f3b97b5b07c8d"
    integrity sha512-+HzNTCHpeQyl4MJ/bdE0u6XRMe9+XG/+aL4mCxVN4DnPBQ0/5bfHWPDuOZUzYdMj94daZaZdCCc1Dzt9R/xSSg==
    dependencies:
      dom-helpers "^3.4.0"
      loose-envify "^1.4.0"
      prop-types "^15.6.2"
      react-lifecycles-compat "^3.0.4"
  
  react-universal-interface@^0.6.2:
    version "0.6.2"
    resolved "https://registry.yarnpkg.com/react-universal-interface/-/react-universal-interface-0.6.2.tgz#5e8d438a01729a4dbbcbeeceb0b86be146fe2b3b"
    integrity sha512-dg8yXdcQmvgR13RIlZbTRQOoUrDciFVoSBZILwjE2LFISxZZ8loVJKAkuzswl5js8BHda79bIb2b84ehU8IjXw==
  
  react-use@^17.3.2:
    version "17.4.0"
    resolved "https://registry.yarnpkg.com/react-use/-/react-use-17.4.0.tgz#cefef258b0a6c534a5c8021c2528ac6e1a4cdc6d"
    integrity sha512-TgbNTCA33Wl7xzIJegn1HndB4qTS9u03QUwyNycUnXaweZkE4Kq2SB+Yoxx8qbshkZGYBDvUXbXWRUmQDcZZ/Q==
    dependencies:
      "@types/js-cookie" "^2.2.6"
      "@xobotyi/scrollbar-width" "^1.9.5"
      copy-to-clipboard "^3.3.1"
      fast-deep-equal "^3.1.3"
      fast-shallow-equal "^1.0.0"
      js-cookie "^2.2.1"
      nano-css "^5.3.1"
      react-universal-interface "^0.6.2"
      resize-observer-polyfill "^1.5.1"
      screenfull "^5.1.0"
      set-harmonic-interval "^1.0.1"
      throttle-debounce "^3.0.1"
      ts-easing "^0.2.0"
      tslib "^2.1.0"
  
  react@18.2.0:
    version "18.2.0"
    resolved "https://registry.yarnpkg.com/react/-/react-18.2.0.tgz#555bd98592883255fa00de14f1151a917b5d77d5"
    integrity sha512-/3IjMdb2L9QbBdWiW5e3P2/npwMBaU9mHCSCUzNln0ZCYbcfTsGbTJrU/kGemdH2IWmB2ioZ+zkxtmq6g09fGQ==
    dependencies:
      loose-envify "^1.1.0"
  
  react@^16.8.6:
    version "16.14.0"
    resolved "https://registry.yarnpkg.com/react/-/react-16.14.0.tgz#94d776ddd0aaa37da3eda8fc5b6b18a4c9a3114d"
    integrity sha512-0X2CImDkJGApiAlcf0ODKIneSwBPhqJawOa5wCtKbu7ZECrmS26NvtSILynQ66cgkT/RJ4LidJOc3bUESwmU8g==
    dependencies:
      loose-envify "^1.1.0"
      object-assign "^4.1.1"
      prop-types "^15.6.2"
  
  read-cache@^1.0.0:
    version "1.0.0"
    resolved "https://registry.yarnpkg.com/read-cache/-/read-cache-1.0.0.tgz#e664ef31161166c9751cdbe8dbcf86b5fb58f774"
    integrity sha512-Owdv/Ft7IjOgm/i0xvNDZ1LrRANRfew4b2prF3OWMQLxLfu3bS8FVhCsrSCMK4lR56Y9ya+AThoTpDCTxCmpRA==
    dependencies:
      pify "^2.3.0"
  
  readable-stream@^3.1.1, readable-stream@^3.4.0:
    version "3.6.2"
    resolved "https://registry.yarnpkg.com/readable-stream/-/readable-stream-3.6.2.tgz#56a9b36ea965c00c5a93ef31eb111a0f11056967"
    integrity sha512-9u/sniCrY3D5WdsERHzHE4G2YCXqoG5FTHUiCC4SIbr6XcLZBY05ya9EKjYek9O5xOAwjGq+1JdGBAS7Q9ScoA==
    dependencies:
      inherits "^2.0.3"
      string_decoder "^1.1.1"
      util-deprecate "^1.0.1"
  
  readdirp@~3.6.0:
    version "3.6.0"
    resolved "https://registry.yarnpkg.com/readdirp/-/readdirp-3.6.0.tgz#74a370bd857116e245b29cc97340cd431a02a6c7"
    integrity sha512-hOS089on8RduqdbhvQ5Z37A0ESjsqz6qnRcffsMU3495FuTdqSm+7bhJ29JvIOsBDEEnan5DPu9t3To9VRlMzA==
    dependencies:
      picomatch "^2.2.1"
  
  recharts-scale@^0.4.4:
    version "0.4.5"
    resolved "https://registry.yarnpkg.com/recharts-scale/-/recharts-scale-0.4.5.tgz#0969271f14e732e642fcc5bd4ab270d6e87dd1d9"
    integrity sha512-kivNFO+0OcUNu7jQquLXAxz1FIwZj8nrj+YkOKc5694NbjCvcT6aSZiIzNzd2Kul4o4rTto8QVR9lMNtxD4G1w==
    dependencies:
      decimal.js-light "^2.4.1"
  
  recharts@^2.7.2:
    version "2.7.3"
    resolved "https://registry.yarnpkg.com/recharts/-/recharts-2.7.3.tgz#ca15789f94495d56a484ff6c0d9c7f665af0472d"
    integrity sha512-cKoO9jUZRQavn06H6Ih2EcG82zUNdQH3OEGWVCmluSDyp3d7fIpDAsbMTd8hE8+T+MD8P76iicv/J4pJspDP7A==
    dependencies:
      classnames "^2.2.5"
      eventemitter3 "^4.0.1"
      lodash "^4.17.19"
      react-is "^16.10.2"
      react-resize-detector "^8.0.4"
      react-smooth "^2.0.2"
      recharts-scale "^0.4.4"
      reduce-css-calc "^2.1.8"
      victory-vendor "^36.6.8"
  
  reduce-css-calc@^2.1.8:
    version "2.1.8"
    resolved "https://registry.yarnpkg.com/reduce-css-calc/-/reduce-css-calc-2.1.8.tgz#7ef8761a28d614980dc0c982f772c93f7a99de03"
    integrity sha512-8liAVezDmUcH+tdzoEGrhfbGcP7nOV4NkGE3a74+qqvE7nt9i4sKLGBuZNOnpI4WiGksiNPklZxva80061QiPg==
    dependencies:
      css-unit-converter "^1.1.1"
      postcss-value-parser "^3.3.0"
  
  regenerate-unicode-properties@^10.1.0:
    version "10.1.0"
    resolved "https://registry.yarnpkg.com/regenerate-unicode-properties/-/regenerate-unicode-properties-10.1.0.tgz#7c3192cab6dd24e21cb4461e5ddd7dd24fa8374c"
    integrity sha512-d1VudCLoIGitcU/hEg2QqvyGZQmdC0Lf8BqdOMXGFSvJP4bNV1+XqbPQeHHLD51Jh4QJJ225dlIFvY4Ly6MXmQ==
    dependencies:
      regenerate "^1.4.2"
  
  regenerate@^1.4.2:
    version "1.4.2"
    resolved "https://registry.yarnpkg.com/regenerate/-/regenerate-1.4.2.tgz#b9346d8827e8f5a32f7ba29637d398b69014848a"
    integrity sha512-zrceR/XhGYU/d/opr2EKO7aRHUeiBI8qjtfHqADTwZd6Szfy16la6kqD0MIUs5z5hx6AaKa+PixpPrR289+I0A==
  
  regenerator-runtime@^0.11.0:
    version "0.11.1"
    resolved "https://registry.yarnpkg.com/regenerator-runtime/-/regenerator-runtime-0.11.1.tgz#be05ad7f9bf7d22e056f9726cee5017fbf19e2e9"
    integrity sha512-MguG95oij0fC3QV3URf4V2SDYGJhJnJGqvIIgdECeODCT98wSWDAJ94SSuVpYQUoTcGUIL6L4yNB7j1DFFHSBg==
  
  regenerator-runtime@^0.14.0:
    version "0.14.0"
    resolved "https://registry.yarnpkg.com/regenerator-runtime/-/regenerator-runtime-0.14.0.tgz#5e19d68eb12d486f797e15a3c6a918f7cec5eb45"
    integrity sha512-srw17NI0TUWHuGa5CFGGmhfNIeja30WMBfbslPNhf6JrqQlLN5gcrvig1oqPxiVaXb0oW0XRKtH6Nngs5lKCIA==
  
  regenerator-transform@^0.15.2:
    version "0.15.2"
    resolved "https://registry.yarnpkg.com/regenerator-transform/-/regenerator-transform-0.15.2.tgz#5bbae58b522098ebdf09bca2f83838929001c7a4"
    integrity sha512-hfMp2BoF0qOk3uc5V20ALGDS2ddjQaLrdl7xrGXvAIow7qeWRM2VA2HuCHkUKk9slq3VwEwLNK3DFBqDfPGYtg==
    dependencies:
      "@babel/runtime" "^7.8.4"
  
  regexpu-core@^5.3.1:
    version "5.3.2"
    resolved "https://registry.yarnpkg.com/regexpu-core/-/regexpu-core-5.3.2.tgz#11a2b06884f3527aec3e93dbbf4a3b958a95546b"
    integrity sha512-RAM5FlZz+Lhmo7db9L298p2vHP5ZywrVXmVXpmAD9GuL5MPH6t9ROw1iA/wfHkQ76Qe7AaPF0nGuim96/IrQMQ==
    dependencies:
      "@babel/regjsgen" "^0.8.0"
      regenerate "^1.4.2"
      regenerate-unicode-properties "^10.1.0"
      regjsparser "^0.9.1"
      unicode-match-property-ecmascript "^2.0.0"
      unicode-match-property-value-ecmascript "^2.1.0"
  
  regjsparser@^0.9.1:
    version "0.9.1"
    resolved "https://registry.yarnpkg.com/regjsparser/-/regjsparser-0.9.1.tgz#272d05aa10c7c1f67095b1ff0addae8442fc5709"
    integrity sha512-dQUtn90WanSNl+7mQKcXAgZxvUe7Z0SqXlgzv0za4LwiUhyzBC58yQO3liFoUgu8GiJVInAhJjkj1N0EtQ5nkQ==
    dependencies:
      jsesc "~0.5.0"
  
  remove-accents@0.4.2:
    version "0.4.2"
    resolved "https://registry.yarnpkg.com/remove-accents/-/remove-accents-0.4.2.tgz#0a43d3aaae1e80db919e07ae254b285d9e1c7bb5"
    integrity sha512-7pXIJqJOq5tFgG1A2Zxti3Ht8jJF337m4sowbuHsW30ZnkQFnDzy9qBNhgzX8ZLW4+UBcXiiR7SwR6pokHsxiA==
  
  resize-observer-polyfill@^1.5.1:
    version "1.5.1"
    resolved "https://registry.yarnpkg.com/resize-observer-polyfill/-/resize-observer-polyfill-1.5.1.tgz#0e9020dd3d21024458d4ebd27e23e40269810464"
    integrity sha512-LwZrotdHOo12nQuZlHEmtuXdqGoOD0OhaxopaNFxWzInpEgaLWoVuAMbTzixuosCx2nEG58ngzW3vxdWoxIgdg==
  
  resolve@^1.1.7, resolve@^1.14.2, resolve@^1.22.2:
    version "1.22.4"
    resolved "https://registry.yarnpkg.com/resolve/-/resolve-1.22.4.tgz#1dc40df46554cdaf8948a486a10f6ba1e2026c34"
    integrity sha512-PXNdCiPqDqeUou+w1C2eTQbNfxKSuMxqTCuvlmmMsk1NWHL5fRrhY6Pl0qEYYc6+QqGClco1Qj8XnjPego4wfg==
    dependencies:
      is-core-module "^2.13.0"
      path-parse "^1.0.7"
      supports-preserve-symlinks-flag "^1.0.0"
  
  restore-cursor@^4.0.0:
    version "4.0.0"
    resolved "https://registry.yarnpkg.com/restore-cursor/-/restore-cursor-4.0.0.tgz#519560a4318975096def6e609d44100edaa4ccb9"
    integrity sha512-I9fPXU9geO9bHOt9pHHOhOkYerIMsmVaWB0rA2AI9ERh/+x/i7MV5HKBNrg+ljO5eoPVgCcnFuRjJ9uH6I/3eg==
    dependencies:
      onetime "^5.1.0"
      signal-exit "^3.0.2"
  
  reusify@^1.0.4:
    version "1.0.4"
    resolved "https://registry.yarnpkg.com/reusify/-/reusify-1.0.4.tgz#90da382b1e126efc02146e90845a88db12925d76"
    integrity sha512-U9nH88a3fc/ekCF1l0/UP1IosiuIjyTh7hBvXVMHYgVcfGvt897Xguj2UOLDeI5BG2m7/uwyaLVT6fbtCwTyzw==
  
  rfdc@^1.3.0:
    version "1.3.0"
    resolved "https://registry.yarnpkg.com/rfdc/-/rfdc-1.3.0.tgz#d0b7c441ab2720d05dc4cf26e01c89631d9da08b"
    integrity sha512-V2hovdzFbOi77/WajaSMXk2OLm+xNIeQdMMuB7icj7bk6zi2F8GGAxigcnDFpJHbNyNcgyJDiP+8nOrY5cZGrA==
  
  rimraf@3.0.2, rimraf@^3.0.2:
    version "3.0.2"
    resolved "https://registry.yarnpkg.com/rimraf/-/rimraf-3.0.2.tgz#f1a5402ba6220ad52cc1282bac1ae3aa49fd061a"
    integrity sha512-JZkJMZkAGFFPP2YqXZXPbMlMBgsxzE8ILs4lMIX/2o0L9UBw9O/Y3o6wFw/i9YLapcUJWwqbi3kdxIPdC62TIA==
    dependencies:
      glob "^7.1.3"
  
  rimraf@^2.6.3:
    version "2.7.1"
    resolved "https://registry.yarnpkg.com/rimraf/-/rimraf-2.7.1.tgz#35797f13a7fdadc566142c29d4f07ccad483e3ec"
    integrity sha512-uWjbaKIK3T1OSVptzX7Nl6PvQ3qAGtKEtVRjRuazjfL3Bx5eI409VZSqgND+4UNnmzLVdPj9FqFJNPqBZFve4w==
    dependencies:
      glob "^7.1.3"
  
  rollup-plugin-babel@^4.3.3:
    version "4.4.0"
    resolved "https://registry.yarnpkg.com/rollup-plugin-babel/-/rollup-plugin-babel-4.4.0.tgz#d15bd259466a9d1accbdb2fe2fff17c52d030acb"
    integrity sha512-Lek/TYp1+7g7I+uMfJnnSJ7YWoD58ajo6Oarhlex7lvUce+RCKRuGRSgztDO3/MF/PuGKmUL5iTHKf208UNszw==
    dependencies:
      "@babel/helper-module-imports" "^7.0.0"
      rollup-pluginutils "^2.8.1"
  
  rollup-plugin-terser@^5.3.1:
    version "5.3.1"
    resolved "https://registry.yarnpkg.com/rollup-plugin-terser/-/rollup-plugin-terser-5.3.1.tgz#8c650062c22a8426c64268548957463bf981b413"
    integrity sha512-1pkwkervMJQGFYvM9nscrUoncPwiKR/K+bHdjv6PFgRo3cgPHoRT83y2Aa3GvINj4539S15t/tpFPb775TDs6w==
    dependencies:
      "@babel/code-frame" "^7.5.5"
      jest-worker "^24.9.0"
      rollup-pluginutils "^2.8.2"
      serialize-javascript "^4.0.0"
      terser "^4.6.2"
  
  rollup-pluginutils@^2.8.1, rollup-pluginutils@^2.8.2:
    version "2.8.2"
    resolved "https://registry.yarnpkg.com/rollup-pluginutils/-/rollup-pluginutils-2.8.2.tgz#72f2af0748b592364dbd3389e600e5a9444a351e"
    integrity sha512-EEp9NhnUkwY8aif6bxgovPHMoMoNr2FulJziTndpt5H9RdwC47GSGuII9XxpSdzVGM0GWrNPHV6ie1LTNJPaLQ==
    dependencies:
      estree-walker "^0.6.1"
  
  rollup@^1.31.1:
    version "1.32.1"
    resolved "https://registry.yarnpkg.com/rollup/-/rollup-1.32.1.tgz#4480e52d9d9e2ae4b46ba0d9ddeaf3163940f9c4"
    integrity sha512-/2HA0Ec70TvQnXdzynFffkjA6XN+1e2pEv/uKS5Ulca40g2L7KuOE3riasHoNVHOsFD5KKZgDsMk1CP3Tw9s+A==
    dependencies:
      "@types/estree" "*"
      "@types/node" "*"
      acorn "^7.1.0"
  
  rtl-css-js@^1.14.0:
    version "1.16.1"
    resolved "https://registry.yarnpkg.com/rtl-css-js/-/rtl-css-js-1.16.1.tgz#4b48b4354b0ff917a30488d95100fbf7219a3e80"
    integrity sha512-lRQgou1mu19e+Ya0LsTvKrVJ5TYUbqCVPAiImX3UfLTenarvPUl1QFdvu5Z3PYmHT9RCcwIfbjRQBntExyj3Zg==
    dependencies:
      "@babel/runtime" "^7.1.2"
  
  run-parallel@^1.1.9:
    version "1.2.0"
    resolved "https://registry.yarnpkg.com/run-parallel/-/run-parallel-1.2.0.tgz#66d1368da7bdf921eb9d95bd1a9229e7f21a43ee"
    integrity sha512-5l4VyZR86LZ/lDxZTR6jqL8AFE2S0IFLMP26AbjsLVADxHdhB/c0GUsH+y39UfCi3dzz8OlQuPmnaJOMoDHQBA==
    dependencies:
      queue-microtask "^1.2.2"
  
  safe-buffer@^5.0.1, safe-buffer@^5.1.0, safe-buffer@~5.2.0:
    version "5.2.1"
    resolved "https://registry.yarnpkg.com/safe-buffer/-/safe-buffer-5.2.1.tgz#1eaf9fa9bdb1fdd4ec75f58f9cdb4e6b7827eec6"
    integrity sha512-rp3So07KcdmmKbGvgaNxQSJr7bGVSVk5S9Eq1F+ppbRo70+YeaDxkw5Dd8NPN+GD6bjnYm2VuPuCXmpuYvmCXQ==
  
  scheduler@^0.19.1:
    version "0.19.1"
    resolved "https://registry.yarnpkg.com/scheduler/-/scheduler-0.19.1.tgz#4f3e2ed2c1a7d65681f4c854fa8c5a1ccb40f196"
    integrity sha512-n/zwRWRYSUj0/3g/otKDRPMh6qv2SYMWNq85IEa8iZyAv8od9zDYpGSnpBEjNgcMNq6Scbu5KfIPxNF72R/2EA==
    dependencies:
      loose-envify "^1.1.0"
      object-assign "^4.1.1"
  
  scheduler@^0.23.0:
    version "0.23.0"
    resolved "https://registry.yarnpkg.com/scheduler/-/scheduler-0.23.0.tgz#ba8041afc3d30eb206a487b6b384002e4e61fdfe"
    integrity sha512-CtuThmgHNg7zIZWAXi3AsyIzA3n4xx7aNyjwC2VJldO2LMVDhFK+63xGqq6CsJH4rTAt6/M+N4GhZiDYPx9eUw==
    dependencies:
      loose-envify "^1.1.0"
  
  screenfull@^5.1.0:
    version "5.2.0"
    resolved "https://registry.yarnpkg.com/screenfull/-/screenfull-5.2.0.tgz#6533d524d30621fc1283b9692146f3f13a93d1ba"
    integrity sha512-9BakfsO2aUQN2K9Fdbj87RJIEZ82Q9IGim7FqM5OsebfoFC6ZHXgDq/KvniuLTPdeM8wY2o6Dj3WQ7KeQCj3cA==
  
  scrypt-js@3.0.1:
    version "3.0.1"
    resolved "https://registry.yarnpkg.com/scrypt-js/-/scrypt-js-3.0.1.tgz#d314a57c2aef69d1ad98a138a21fe9eafa9ee312"
    integrity sha512-cdwTTnqPu0Hyvf5in5asVdZocVDTNRmR7XEcJuIzMjJeSHybHl7vpB66AzwTaIg6CLSbtjcxc8fqcySfnTkccA==
  
  semver@^6.3.1:
    version "6.3.1"
    resolved "https://registry.yarnpkg.com/semver/-/semver-6.3.1.tgz#556d2ef8689146e46dcea4bfdd095f3434dffcb4"
    integrity sha512-BR7VvDCVHO+q2xBEWskxS6DJE1qRnb7DxzUrogb71CWoSficBxYsiAGd+Kl0mmq/MprG9yArRkyrQxTO6XjMzA==
  
  semver@^7.3.5, semver@^7.5.4:
    version "7.5.4"
    resolved "https://registry.yarnpkg.com/semver/-/semver-7.5.4.tgz#483986ec4ed38e1c6c48c34894a9182dbff68a6e"
    integrity sha512-1bCSESV6Pv+i21Hvpxp3Dx+pSD8lIPt8uVjRrxAUt/nbswYc+tK6Y2btiULjd4+fnq15PX+nqQDC7Oft7WkwcA==
    dependencies:
      lru-cache "^6.0.0"
  
  serialize-javascript@^4.0.0:
    version "4.0.0"
    resolved "https://registry.yarnpkg.com/serialize-javascript/-/serialize-javascript-4.0.0.tgz#b525e1238489a5ecfc42afacc3fe99e666f4b1aa"
    integrity sha512-GaNA54380uFefWghODBWEGisLZFj00nS5ACs6yHa9nLqlLpVLO8ChDGeKRjZnV4Nh4n0Qi7nhYZD/9fCPzEqkw==
    dependencies:
      randombytes "^2.1.0"
  
  set-harmonic-interval@^1.0.1:
    version "1.0.1"
    resolved "https://registry.yarnpkg.com/set-harmonic-interval/-/set-harmonic-interval-1.0.1.tgz#e1773705539cdfb80ce1c3d99e7f298bb3995249"
    integrity sha512-AhICkFV84tBP1aWqPwLZqFvAwqEoVA9kxNMniGEUvzOlm4vLmOFLiTT3UZ6bziJTy4bOVpzWGTfSCbmaayGx8g==
  
  shallowequal@^1.1.0:
    version "1.1.0"
    resolved "https://registry.yarnpkg.com/shallowequal/-/shallowequal-1.1.0.tgz#188d521de95b9087404fd4dcb68b13df0ae4e7f8"
    integrity sha512-y0m1JoUZSlPAjXVtPPW70aZWfIL/dSP7AFkRnniLCrK/8MDKog3TySTBmckD+RObVxH0v4Tox67+F14PdED2oQ==
  
  sharp@^0.32.0:
    version "0.32.5"
    resolved "https://registry.yarnpkg.com/sharp/-/sharp-0.32.5.tgz#9ddc78ead6446094f51e50355a2d4ec6e7220cd4"
    integrity sha512-0dap3iysgDkNaPOaOL4X/0akdu0ma62GcdC2NBQ+93eqpePdDdr2/LM0sFdDSMmN7yS+odyZtPsb7tx/cYBKnQ==
    dependencies:
      color "^4.2.3"
      detect-libc "^2.0.2"
      node-addon-api "^6.1.0"
      prebuild-install "^7.1.1"
      semver "^7.5.4"
      simple-get "^4.0.1"
      tar-fs "^3.0.4"
      tunnel-agent "^0.6.0"
  
  shebang-command@^2.0.0:
    version "2.0.0"
    resolved "https://registry.yarnpkg.com/shebang-command/-/shebang-command-2.0.0.tgz#ccd0af4f8835fbdc265b82461aaf0c36663f34ea"
    integrity sha512-kHxr2zZpYtdmrN1qDjrrX/Z1rR1kG8Dx+gkpK1G4eXmvXswmcE1hTWBWYUzlraYw1/yZp6YuDY77YtvbN0dmDA==
    dependencies:
      shebang-regex "^3.0.0"
  
  shebang-regex@^3.0.0:
    version "3.0.0"
    resolved "https://registry.yarnpkg.com/shebang-regex/-/shebang-regex-3.0.0.tgz#ae16f1644d873ecad843b0307b143362d4c42172"
    integrity sha512-7++dFhtcx3353uBaq8DDR4NuxBetBzC7ZQOhmTQInHEd6bSrXdiEyzCvG07Z44UYdLShWUyXt5M/yhz8ekcb1A==
  
  signal-exit@^3.0.2, signal-exit@^3.0.7:
    version "3.0.7"
    resolved "https://registry.yarnpkg.com/signal-exit/-/signal-exit-3.0.7.tgz#a9a1767f8af84155114eaabd73f99273c8f59ad9"
    integrity sha512-wnD2ZE+l+SPC/uoS0vXeE9L1+0wuaMqKlfz9AMUo38JsyLSBWSFcHR1Rri62LZc12vLr1gb3jl7iwQhgwpAbGQ==
  
  simple-concat@^1.0.0:
    version "1.0.1"
    resolved "https://registry.yarnpkg.com/simple-concat/-/simple-concat-1.0.1.tgz#f46976082ba35c2263f1c8ab5edfe26c41c9552f"
    integrity sha512-cSFtAPtRhljv69IK0hTVZQ+OfE9nePi/rtJmw5UjHeVyVroEqJXP1sFztKUy1qU+xvz3u/sfYJLa947b7nAN2Q==
  
  simple-get@^4.0.0, simple-get@^4.0.1:
    version "4.0.1"
    resolved "https://registry.yarnpkg.com/simple-get/-/simple-get-4.0.1.tgz#4a39db549287c979d352112fa03fd99fd6bc3543"
    integrity sha512-brv7p5WgH0jmQJr1ZDDfKDOSeWWg+OVypG99A/5vYGPqJ6pxiaHLy8nxtFjBA7oMa01ebA9gfh1uMCFqOuXxvA==
    dependencies:
      decompress-response "^6.0.0"
      once "^1.3.1"
      simple-concat "^1.0.0"
  
  simple-swizzle@^0.2.2:
    version "0.2.2"
    resolved "https://registry.yarnpkg.com/simple-swizzle/-/simple-swizzle-0.2.2.tgz#a4da6b635ffcccca33f70d17cb92592de95e557a"
    integrity sha512-JA//kQgZtbuY83m+xT+tXJkmJncGMTFT+C+g2h2R9uxkYIrE2yy9sgmcLhCnw57/WSD+Eh3J97FPEDFnbXnDUg==
    dependencies:
      is-arrayish "^0.3.1"
  
  slash@^3.0.0:
    version "3.0.0"
    resolved "https://registry.yarnpkg.com/slash/-/slash-3.0.0.tgz#6539be870c165adbd5240220dbe361f1bc4d4634"
    integrity sha512-g9Q1haeby36OSStwb4ntCGGGaKsaVSjQ68fBxoQcutl5fS1vuY18H3wSt3jFyFtrkx+Kz0V1G85A4MyAdDMi2Q==
  
  slice-ansi@^5.0.0:
    version "5.0.0"
    resolved "https://registry.yarnpkg.com/slice-ansi/-/slice-ansi-5.0.0.tgz#b73063c57aa96f9cd881654b15294d95d285c42a"
    integrity sha512-FC+lgizVPfie0kkhqUScwRu1O/lF6NOgJmlCgK+/LYxDCTk8sGelYaHDhFcDN+Sn3Cv+3VSa4Byeo+IMCzpMgQ==
    dependencies:
      ansi-styles "^6.0.0"
      is-fullwidth-code-point "^4.0.0"
  
  source-list-map@^2.0.0:
    version "2.0.1"
    resolved "https://registry.yarnpkg.com/source-list-map/-/source-list-map-2.0.1.tgz#3993bd873bfc48479cca9ea3a547835c7c154b34"
    integrity sha512-qnQ7gVMxGNxsiL4lEuJwe/To8UnK7fAnmbGEEH8RpLouuKbeEm0lhbQVFIrNSuB+G7tVrAlVsZgETT5nljf+Iw==
  
  source-map-js@^1.0.2:
    version "1.0.2"
    resolved "https://registry.yarnpkg.com/source-map-js/-/source-map-js-1.0.2.tgz#adbc361d9c62df380125e7f161f71c826f1e490c"
    integrity sha512-R0XvVJ9WusLiqTCEiGCmICCMplcCkIwwR11mOSD9CR5u+IXYdiseeEuXCVAjS54zqwkLcPNnmU4OeJ6tUrWhDw==
  
  source-map-support@~0.5.12:
    version "0.5.21"
    resolved "https://registry.yarnpkg.com/source-map-support/-/source-map-support-0.5.21.tgz#04fe7c7f9e1ed2d662233c28cb2b35b9f63f6e4f"
    integrity sha512-uBHU3L3czsIyYXKX88fdrGovxdSCoTGDRZ6SYXtSRxLZUzHg5P/66Ht6uoUlHu9EZod+inXhKo3qQgwXUT/y1w==
    dependencies:
      buffer-from "^1.0.0"
      source-map "^0.6.0"
  
  source-map-url@^0.4.0:
    version "0.4.1"
    resolved "https://registry.yarnpkg.com/source-map-url/-/source-map-url-0.4.1.tgz#0af66605a745a5a2f91cf1bbf8a7afbc283dec56"
    integrity sha512-cPiFOTLUKvJFIg4SKVScy4ilPPW6rFgMgfuZJPNoDuMs3nC1HbMUycBoJw77xFIp6z1UJQJOfx6C9GMH80DiTw==
  
  source-map@0.5.6:
    version "0.5.6"
    resolved "https://registry.yarnpkg.com/source-map/-/source-map-0.5.6.tgz#75ce38f52bf0733c5a7f0c118d81334a2bb5f412"
    integrity sha512-MjZkVp0NHr5+TPihLcadqnlVoGIoWo4IBHptutGh9wI3ttUYvCG26HkSuDi+K6lsZ25syXJXcctwgyVCt//xqA==
  
  source-map@^0.6.0, source-map@^0.6.1, source-map@~0.6.1:
    version "0.6.1"
    resolved "https://registry.yarnpkg.com/source-map/-/source-map-0.6.1.tgz#74722af32e9614e9c287a8d0bbde48b5e2f1a263"
    integrity sha512-UjgapumWlbMhkBgzT7Ykc5YXUT46F0iKu8SGXq0bcwP5dz/h0Plj6enJqjz1Zbq2l5WaqYnrVbwWOWMyF3F47g==
  
  source-map@^0.7.3:
    version "0.7.4"
    resolved "https://registry.yarnpkg.com/source-map/-/source-map-0.7.4.tgz#a9bbe705c9d8846f4e08ff6765acf0f1b0898656"
    integrity sha512-l3BikUxvPOcn5E74dZiq5BGsTb5yEwhaTSzccU6t4sDOH8NWJCstKO5QT2CvtFoK6F0saL7p9xHAqHOlCPJygA==
  
  sourcemap-codec@^1.4.8:
    version "1.4.8"
    resolved "https://registry.yarnpkg.com/sourcemap-codec/-/sourcemap-codec-1.4.8.tgz#ea804bd94857402e6992d05a38ef1ae35a9ab4c4"
    integrity sha512-9NykojV5Uih4lgo5So5dtw+f0JgJX30KCNI8gwhz2J9A15wD0Ml6tjHKwf6fTSa6fAdVBdZeNOs9eJ71qCk8vA==
  
  split-on-first@^1.0.0:
    version "1.1.0"
    resolved "https://registry.yarnpkg.com/split-on-first/-/split-on-first-1.1.0.tgz#f610afeee3b12bce1d0c30425e76398b78249a5f"
    integrity sha512-43ZssAJaMusuKWL8sKUBQXHWOpq8d6CfN/u1p4gUzfJkM05C8rxTmYrkIPTXapZpORA6LkkzcUulJ8FqA7Uudw==
  
  ssr-window@^4.0.0, ssr-window@^4.0.2:
    version "4.0.2"
    resolved "https://registry.yarnpkg.com/ssr-window/-/ssr-window-4.0.2.tgz#dc6b3ee37be86ac0e3ddc60030f7b3bc9b8553be"
    integrity sha512-ISv/Ch+ig7SOtw7G2+qkwfVASzazUnvlDTwypdLoPoySv+6MqlOV10VwPSE6EWkGjhW50lUmghPmpYZXMu/+AQ==
  
  stack-generator@^2.0.5:
    version "2.0.10"
    resolved "https://registry.yarnpkg.com/stack-generator/-/stack-generator-2.0.10.tgz#8ae171e985ed62287d4f1ed55a1633b3fb53bb4d"
    integrity sha512-mwnua/hkqM6pF4k8SnmZ2zfETsRUpWXREfA/goT8SLCV4iOFa4bzOX2nDipWAZFPTjLvQB82f5yaodMVhK0yJQ==
    dependencies:
      stackframe "^1.3.4"
  
  stackframe@^1.3.4:
    version "1.3.4"
    resolved "https://registry.yarnpkg.com/stackframe/-/stackframe-1.3.4.tgz#b881a004c8c149a5e8efef37d51b16e412943310"
    integrity sha512-oeVtt7eWQS+Na6F//S4kJ2K2VbRlS9D43mAlMyVpVWovy9o+jfgH8O9agzANzaiLjclA0oYzUXEM4PurhSUChw==
  
  stacktrace-gps@^3.0.4:
    version "3.1.2"
    resolved "https://registry.yarnpkg.com/stacktrace-gps/-/stacktrace-gps-3.1.2.tgz#0c40b24a9b119b20da4525c398795338966a2fb0"
    integrity sha512-GcUgbO4Jsqqg6RxfyTHFiPxdPqF+3LFmQhm7MgCuYQOYuWyqxo5pwRPz5d/u6/WYJdEnWfK4r+jGbyD8TSggXQ==
    dependencies:
      source-map "0.5.6"
      stackframe "^1.3.4"
  
  stacktrace-js@^2.0.2:
    version "2.0.2"
    resolved "https://registry.yarnpkg.com/stacktrace-js/-/stacktrace-js-2.0.2.tgz#4ca93ea9f494752d55709a081d400fdaebee897b"
    integrity sha512-Je5vBeY4S1r/RnLydLl0TBTi3F2qdfWmYsGvtfZgEI+SCprPppaIhQf5nGcal4gI4cGpCV/duLcAzT1np6sQqg==
    dependencies:
      error-stack-parser "^2.0.6"
      stack-generator "^2.0.5"
      stacktrace-gps "^3.0.4"
  
  streamsearch@^1.1.0:
    version "1.1.0"
    resolved "https://registry.yarnpkg.com/streamsearch/-/streamsearch-1.1.0.tgz#404dd1e2247ca94af554e841a8ef0eaa238da764"
    integrity sha512-Mcc5wHehp9aXz1ax6bZUyY5afg9u2rv5cqQI3mRrYkGC8rW2hM02jWuwjtL++LS5qinSyhj2QfLyNsuc+VsExg==
  
  streamx@^2.15.0:
    version "2.15.1"
    resolved "https://registry.yarnpkg.com/streamx/-/streamx-2.15.1.tgz#396ad286d8bc3eeef8f5cea3f029e81237c024c6"
    integrity sha512-fQMzy2O/Q47rgwErk/eGeLu/roaFWV0jVsogDmrszM9uIw8L5OA+t+V93MgYlufNptfjmYR1tOMWhei/Eh7TQA==
    dependencies:
      fast-fifo "^1.1.0"
      queue-tick "^1.0.1"
  
  strict-uri-encode@^2.0.0:
    version "2.0.0"
    resolved "https://registry.yarnpkg.com/strict-uri-encode/-/strict-uri-encode-2.0.0.tgz#b9c7330c7042862f6b142dc274bbcc5866ce3546"
    integrity sha512-QwiXZgpRcKkhTj2Scnn++4PKtWsH0kpzZ62L2R6c/LUVYv7hVnZqcg2+sMuT6R7Jusu1vviK/MFsu6kNJfWlEQ==
  
  string-argv@0.3.2:
    version "0.3.2"
    resolved "https://registry.yarnpkg.com/string-argv/-/string-argv-0.3.2.tgz#2b6d0ef24b656274d957d54e0a4bbf6153dc02b6"
    integrity sha512-aqD2Q0144Z+/RqG52NeHEkZauTAUWJO8c6yTftGJKO3Tja5tUgIfmIl6kExvhtxSDP7fXB6DvzkfMpCd/F3G+Q==
  
  string-width@^5.0.0, string-width@^5.0.1:
    version "5.1.2"
    resolved "https://registry.yarnpkg.com/string-width/-/string-width-5.1.2.tgz#14f8daec6d81e7221d2a357e668cab73bdbca794"
    integrity sha512-HnLOCR3vjcY8beoNLtcjZ5/nxn2afmME6lhrDrebokqMap+XbeW8n9TXpPDOqdGK5qcI3oT0GKTW6wC7EMiVqA==
    dependencies:
      eastasianwidth "^0.2.0"
      emoji-regex "^9.2.2"
      strip-ansi "^7.0.1"
  
  string_decoder@^1.1.1:
    version "1.3.0"
    resolved "https://registry.yarnpkg.com/string_decoder/-/string_decoder-1.3.0.tgz#42f114594a46cf1a8e30b0a84f56c78c3edac21e"
    integrity sha512-hkRX8U1WjJFd8LsDJ2yQ/wWWxaopEsABU1XfkM8A+j0+85JAGppt16cr1Whg6KIbb4okU6Mql6BOj+uup/wKeA==
    dependencies:
      safe-buffer "~5.2.0"
  
  stringify-object@^3.3.0:
    version "3.3.0"
    resolved "https://registry.yarnpkg.com/stringify-object/-/stringify-object-3.3.0.tgz#703065aefca19300d3ce88af4f5b3956d7556629"
    integrity sha512-rHqiFh1elqCQ9WPLIC8I0Q/g/wj5J1eMkyoiD6eoQApWHP0FtlK7rqnhmabL5VUY9JQCcqwwvlOaSuutekgyrw==
    dependencies:
      get-own-enumerable-property-symbols "^3.0.0"
      is-obj "^1.0.1"
      is-regexp "^1.0.0"
  
  strip-ansi@^7.0.1:
    version "7.1.0"
    resolved "https://registry.yarnpkg.com/strip-ansi/-/strip-ansi-7.1.0.tgz#d5b6568ca689d8561370b0707685d22434faff45"
    integrity sha512-iq6eVVI64nQQTRYq2KtEg2d2uU7LElhTJwsH4YzIHZshxlgZms/wIc4VoDQTlG/IvVIrBKG06CrZnp0qv7hkcQ==
    dependencies:
      ansi-regex "^6.0.1"
  
  strip-comments@^1.0.2:
    version "1.0.2"
    resolved "https://registry.yarnpkg.com/strip-comments/-/strip-comments-1.0.2.tgz#82b9c45e7f05873bee53f37168af930aa368679d"
    integrity sha512-kL97alc47hoyIQSV165tTt9rG5dn4w1dNnBhOQ3bOU1Nc1hel09jnXANaHJ7vzHLd4Ju8kseDGzlev96pghLFw==
    dependencies:
      babel-extract-comments "^1.0.0"
      babel-plugin-transform-object-rest-spread "^6.26.0"
  
  strip-final-newline@^3.0.0:
    version "3.0.0"
    resolved "https://registry.yarnpkg.com/strip-final-newline/-/strip-final-newline-3.0.0.tgz#52894c313fbff318835280aed60ff71ebf12b8fd"
    integrity sha512-dOESqjYr96iWYylGObzd39EuNTa5VJxyvVAEm5Jnh7KGo75V43Hk1odPQkNDyXNmUR6k+gEiDVXnjB8HJ3crXw==
  
  strip-json-comments@~2.0.1:
    version "2.0.1"
    resolved "https://registry.yarnpkg.com/strip-json-comments/-/strip-json-comments-2.0.1.tgz#3c531942e908c2697c0ec344858c286c7ca0a60a"
    integrity sha512-4gB8na07fecVVkOI6Rs4e7T6NOTki5EmL7TUduTs6bu3EdnSycntVJ4re8kgZA+wx9IueI2Y11bfbgwtzuE0KQ==
  
  styled-components@^5.3.3:
    version "5.3.11"
    resolved "https://registry.yarnpkg.com/styled-components/-/styled-components-5.3.11.tgz#9fda7bf1108e39bf3f3e612fcc18170dedcd57a8"
    integrity sha512-uuzIIfnVkagcVHv9nE0VPlHPSCmXIUGKfJ42LNjxCCTDTL5sgnJ8Z7GZBq0EnLYGln77tPpEpExt2+qa+cZqSw==
    dependencies:
      "@babel/helper-module-imports" "^7.0.0"
      "@babel/traverse" "^7.4.5"
      "@emotion/is-prop-valid" "^1.1.0"
      "@emotion/stylis" "^0.8.4"
      "@emotion/unitless" "^0.7.4"
      babel-plugin-styled-components ">= 1.12.0"
      css-to-react-native "^3.0.0"
      hoist-non-react-statics "^3.0.0"
      shallowequal "^1.1.0"
      supports-color "^5.5.0"
  
  styled-jsx@5.1.1:
    version "5.1.1"
    resolved "https://registry.yarnpkg.com/styled-jsx/-/styled-jsx-5.1.1.tgz#839a1c3aaacc4e735fed0781b8619ea5d0009d1f"
    integrity sha512-pW7uC1l4mBZ8ugbiZrcIsiIvVx1UmTfw7UkC3Um2tmfUq9Bhk8IiyEIPl6F8agHgjzku6j0xQEZbfA5uSgSaCw==
    dependencies:
      client-only "0.0.1"
  
  stylis@^4.0.6:
    version "4.3.0"
    resolved "https://registry.yarnpkg.com/stylis/-/stylis-4.3.0.tgz#abe305a669fc3d8777e10eefcfc73ad861c5588c"
    integrity sha512-E87pIogpwUsUwXw7dNyU4QDjdgVMy52m+XEOPEKUn161cCzWjjhPSQhByfd1CcNvrOLnXQ6OnnZDwnJrz/Z4YQ==
  
  sucrase@^3.32.0:
    version "3.34.0"
    resolved "https://registry.yarnpkg.com/sucrase/-/sucrase-3.34.0.tgz#1e0e2d8fcf07f8b9c3569067d92fbd8690fb576f"
    integrity sha512-70/LQEZ07TEcxiU2dz51FKaE6hCTWC6vr7FOk3Gr0U60C3shtAN+H+BFr9XlYe5xqf3RA8nrc+VIwzCfnxuXJw==
    dependencies:
      "@jridgewell/gen-mapping" "^0.3.2"
      commander "^4.0.0"
      glob "7.1.6"
      lines-and-columns "^1.1.6"
      mz "^2.7.0"
      pirates "^4.0.1"
      ts-interface-checker "^0.1.9"
  
  supports-color@^5.3.0, supports-color@^5.5.0:
    version "5.5.0"
    resolved "https://registry.yarnpkg.com/supports-color/-/supports-color-5.5.0.tgz#e2e69a44ac8772f78a1ec0b35b689df6530efc8f"
    integrity sha512-QjVjwdXIt408MIiAqCX4oUKsgU2EqAGzs2Ppkm4aQYbjm+ZEWEcW4SfFNTr4uMNZma0ey4f5lgLrkB0aX0QMow==
    dependencies:
      has-flag "^3.0.0"
  
  supports-color@^6.1.0:
    version "6.1.0"
    resolved "https://registry.yarnpkg.com/supports-color/-/supports-color-6.1.0.tgz#0764abc69c63d5ac842dd4867e8d025e880df8f3"
    integrity sha512-qe1jfm1Mg7Nq/NSh6XE24gPXROEVsWHxC1LIx//XNlD9iw7YZQGjZNjYN7xGaEG6iKdA8EtNFW6R0gjnVXp+wQ==
    dependencies:
      has-flag "^3.0.0"
  
  supports-preserve-symlinks-flag@^1.0.0:
    version "1.0.0"
    resolved "https://registry.yarnpkg.com/supports-preserve-symlinks-flag/-/supports-preserve-symlinks-flag-1.0.0.tgz#6eda4bd344a3c94aea376d4cc31bc77311039e09"
    integrity sha512-ot0WnXS9fgdkgIcePe6RHNk1WA8+muPa6cSjeR3V8K27q9BB1rTE3R1p7Hv0z1ZyAc8s6Vvv8DIyWf681MAt0w==
  
  swiper@^8.4.2:
    version "8.4.7"
    resolved "https://registry.yarnpkg.com/swiper/-/swiper-8.4.7.tgz#0301d385c3efc8efe8b66a64187edcb30e3067ee"
    integrity sha512-VwO/KU3i9IV2Sf+W2NqyzwWob4yX9Qdedq6vBtS0rFqJ6Fa5iLUJwxQkuD4I38w0WDJwmFl8ojkdcRFPHWD+2g==
    dependencies:
      dom7 "^4.0.4"
      ssr-window "^4.0.2"
  
  tailwindcss@^3.2.4:
    version "3.3.3"
    resolved "https://registry.yarnpkg.com/tailwindcss/-/tailwindcss-3.3.3.tgz#90da807393a2859189e48e9e7000e6880a736daf"
    integrity sha512-A0KgSkef7eE4Mf+nKJ83i75TMyq8HqY3qmFIJSWy8bNt0v1lG7jUcpGpoTFxAwYcWOphcTBLPPJg+bDfhDf52w==
    dependencies:
      "@alloc/quick-lru" "^5.2.0"
      arg "^5.0.2"
      chokidar "^3.5.3"
      didyoumean "^1.2.2"
      dlv "^1.1.3"
      fast-glob "^3.2.12"
      glob-parent "^6.0.2"
      is-glob "^4.0.3"
      jiti "^1.18.2"
      lilconfig "^2.1.0"
      micromatch "^4.0.5"
      normalize-path "^3.0.0"
      object-hash "^3.0.0"
      picocolors "^1.0.0"
      postcss "^8.4.23"
      postcss-import "^15.1.0"
      postcss-js "^4.0.1"
      postcss-load-config "^4.0.1"
      postcss-nested "^6.0.1"
      postcss-selector-parser "^6.0.11"
      resolve "^1.22.2"
      sucrase "^3.32.0"
  
  tar-fs@^2.0.0:
    version "2.1.1"
    resolved "https://registry.yarnpkg.com/tar-fs/-/tar-fs-2.1.1.tgz#489a15ab85f1f0befabb370b7de4f9eb5cbe8784"
    integrity sha512-V0r2Y9scmbDRLCNex/+hYzvp/zyYjvFbHPNgVTKfQvVrb6guiE/fxP+XblDNR011utopbkex2nM4dHNV6GDsng==
    dependencies:
      chownr "^1.1.1"
      mkdirp-classic "^0.5.2"
      pump "^3.0.0"
      tar-stream "^2.1.4"
  
  tar-fs@^3.0.4:
    version "3.0.4"
    resolved "https://registry.yarnpkg.com/tar-fs/-/tar-fs-3.0.4.tgz#a21dc60a2d5d9f55e0089ccd78124f1d3771dbbf"
    integrity sha512-5AFQU8b9qLfZCX9zp2duONhPmZv0hGYiBPJsyUdqMjzq/mqVpy/rEUSeHk1+YitmxugaptgBh5oDGU3VsAJq4w==
    dependencies:
      mkdirp-classic "^0.5.2"
      pump "^3.0.0"
      tar-stream "^3.1.5"
  
  tar-stream@^2.1.4:
    version "2.2.0"
    resolved "https://registry.yarnpkg.com/tar-stream/-/tar-stream-2.2.0.tgz#acad84c284136b060dc3faa64474aa9aebd77287"
    integrity sha512-ujeqbceABgwMZxEJnk2HDY2DlnUZ+9oEcb1KzTVfYHio0UE6dG71n60d8D2I4qNvleWrrXpmjpt7vZeF1LnMZQ==
    dependencies:
      bl "^4.0.3"
      end-of-stream "^1.4.1"
      fs-constants "^1.0.0"
      inherits "^2.0.3"
      readable-stream "^3.1.1"
  
  tar-stream@^3.1.5:
    version "3.1.6"
    resolved "https://registry.yarnpkg.com/tar-stream/-/tar-stream-3.1.6.tgz#6520607b55a06f4a2e2e04db360ba7d338cc5bab"
    integrity sha512-B/UyjYwPpMBv+PaFSWAmtYjwdrlEaZQEhMIBFNC5oEG8lpiW8XjcSdmEaClj28ArfKScKHs2nshz3k2le6crsg==
    dependencies:
      b4a "^1.6.4"
      fast-fifo "^1.2.0"
      streamx "^2.15.0"
  
  temp-dir@^1.0.0:
    version "1.0.0"
    resolved "https://registry.yarnpkg.com/temp-dir/-/temp-dir-1.0.0.tgz#0a7c0ea26d3a39afa7e0ebea9c1fc0bc4daa011d"
    integrity sha512-xZFXEGbG7SNC3itwBzI3RYjq/cEhBkx2hJuKGIUOcEULmkQExXiHat2z/qkISYsuR+IKumhEfKKbV5qXmhICFQ==
  
  tempy@^0.3.0:
    version "0.3.0"
    resolved "https://registry.yarnpkg.com/tempy/-/tempy-0.3.0.tgz#6f6c5b295695a16130996ad5ab01a8bd726e8bf8"
    integrity sha512-WrH/pui8YCwmeiAoxV+lpRH9HpRtgBhSR2ViBPgpGb/wnYDzp21R4MN45fsCGvLROvY67o3byhJRYRONJyImVQ==
    dependencies:
      temp-dir "^1.0.0"
      type-fest "^0.3.1"
      unique-string "^1.0.0"
  
  terser@^4.6.2:
    version "4.8.1"
    resolved "https://registry.yarnpkg.com/terser/-/terser-4.8.1.tgz#a00e5634562de2239fd404c649051bf6fc21144f"
    integrity sha512-4GnLC0x667eJG0ewJTa6z/yXrbLGv80D9Ru6HIpCQmO+Q4PfEtBFi0ObSckqwL6VyQv/7ENJieXHo2ANmdQwgw==
    dependencies:
      commander "^2.20.0"
      source-map "~0.6.1"
      source-map-support "~0.5.12"
  
  thenify-all@^1.0.0:
    version "1.6.0"
    resolved "https://registry.yarnpkg.com/thenify-all/-/thenify-all-1.6.0.tgz#1a1918d402d8fc3f98fbf234db0bcc8cc10e9726"
    integrity sha512-RNxQH/qI8/t3thXJDwcstUO4zeqo64+Uy/+sNVRBx4Xn2OX+OZ9oP+iJnNFqplFra2ZUVeKCSa2oVWi3T4uVmA==
    dependencies:
      thenify ">= 3.1.0 < 4"
  
  "thenify@>= 3.1.0 < 4":
    version "3.3.1"
    resolved "https://registry.yarnpkg.com/thenify/-/thenify-3.3.1.tgz#8932e686a4066038a016dd9e2ca46add9838a95f"
    integrity sha512-RVZSIV5IG10Hk3enotrhvz0T9em6cyHBLkH/YAZuKqd8hRkKhSfCGIcP2KUY0EPxndzANBmNllzWPwak+bheSw==
    dependencies:
      any-promise "^1.0.0"
  
  throttle-debounce@^3.0.1:
    version "3.0.1"
    resolved "https://registry.yarnpkg.com/throttle-debounce/-/throttle-debounce-3.0.1.tgz#32f94d84dfa894f786c9a1f290e7a645b6a19abb"
    integrity sha512-dTEWWNu6JmeVXY0ZYoPuH5cRIwc0MeGbJwah9KUNYSJwommQpCzTySTpEe8Gs1J23aeWEuAobe4Ag7EHVt/LOg==
  
  tiny-invariant@^1.2.0:
    version "1.3.1"
    resolved "https://registry.yarnpkg.com/tiny-invariant/-/tiny-invariant-1.3.1.tgz#8560808c916ef02ecfd55e66090df23a4b7aa642"
    integrity sha512-AD5ih2NlSssTCwsMznbvwMZpJ1cbhkGd2uueNxzv2jDlEeZdU04JQfRnggJQ8DrcVBGjAsCKwFBbDlVNtEMlzw==
  
  to-fast-properties@^2.0.0:
    version "2.0.0"
    resolved "https://registry.yarnpkg.com/to-fast-properties/-/to-fast-properties-2.0.0.tgz#dc5e698cbd079265bc73e0377681a4e4e83f616e"
    integrity sha512-/OaKK0xYrs3DmxRYqL/yDc+FxFUVYhDlXMhRmv3z915w2HF1tnN1omB354j8VUGO/hbRzyD6Y3sA7v7GS/ceog==
  
  to-regex-range@^5.0.1:
    version "5.0.1"
    resolved "https://registry.yarnpkg.com/to-regex-range/-/to-regex-range-5.0.1.tgz#1648c44aae7c8d988a326018ed72f5b4dd0392e4"
    integrity sha512-65P7iz6X5yEr1cwcgvQxbbIw7Uk3gOy5dIdtZ4rDveLqhrdJP+Li/Hx6tyK0NEb+2GCyneCMJiGqrADCSNk8sQ==
    dependencies:
      is-number "^7.0.0"
  
  toggle-selection@^1.0.6:
    version "1.0.6"
    resolved "https://registry.yarnpkg.com/toggle-selection/-/toggle-selection-1.0.6.tgz#6e45b1263f2017fa0acc7d89d78b15b8bf77da32"
    integrity sha512-BiZS+C1OS8g/q2RRbJmy59xpyghNBqrr6k5L/uKBGRsTfxmu3ffiRnd8mlGPUVayg8pvfi5urfnu8TU7DVOkLQ==
  
  toposort@^2.0.2:
    version "2.0.2"
    resolved "https://registry.yarnpkg.com/toposort/-/toposort-2.0.2.tgz#ae21768175d1559d48bef35420b2f4962f09c330"
    integrity sha512-0a5EOkAUp8D4moMi2W8ZF8jcga7BgZd91O/yabJCFY8az+XSzeGyTKs0Aoo897iV1Nj6guFq8orWDS96z91oGg==
  
  tr46@~0.0.3:
    version "0.0.3"
    resolved "https://registry.yarnpkg.com/tr46/-/tr46-0.0.3.tgz#8184fd347dac9cdc185992f3a6622e14b9d9ab6a"
    integrity sha512-N3WMsuqV66lT30CrXNbEjx4GEwlow3v6rr4mCcv6prnfwhS01rkgyFdjPNBYd9br7LpXV1+Emh01fHnq2Gdgrw==
  
  ts-easing@^0.2.0:
    version "0.2.0"
    resolved "https://registry.yarnpkg.com/ts-easing/-/ts-easing-0.2.0.tgz#c8a8a35025105566588d87dbda05dd7fbfa5a4ec"
    integrity sha512-Z86EW+fFFh/IFB1fqQ3/+7Zpf9t2ebOAxNI/V6Wo7r5gqiqtxmgTlQ1qbqQcjLKYeSHPTsEmvlJUDg/EuL0uHQ==
  
  ts-interface-checker@^0.1.9:
    version "0.1.13"
    resolved "https://registry.yarnpkg.com/ts-interface-checker/-/ts-interface-checker-0.1.13.tgz#784fd3d679722bc103b1b4b8030bcddb5db2a699"
    integrity sha512-Y/arvbn+rrz3JCKl9C4kVNfTfSm2/mEp5FSz5EsZSANGPSlQrpRI5M4PKF+mJnE52jOO90PnPSc3Ur3bTQw0gA==
  
  tslib@1.14.1, tslib@^1.10.0:
    version "1.14.1"
    resolved "https://registry.yarnpkg.com/tslib/-/tslib-1.14.1.tgz#cf2d38bdc34a134bcaf1091c41f6619e2f672d00"
    integrity sha512-Xni35NKzjgMrwevysHTCArtLDpPvye8zV/0E4EyYn43P7/7qvQwPh9BGkHewbMulVntbigmcT7rdX3BNo9wRJg==
  
  tslib@2.4.0:
    version "2.4.0"
    resolved "https://registry.yarnpkg.com/tslib/-/tslib-2.4.0.tgz#7cecaa7f073ce680a05847aa77be941098f36dc3"
    integrity sha512-d6xOpEDfsi2CZVlPQzGeux8XMwLT9hssAsaPYExaQMuYskwb+x1x7J371tWlbBdWHroy99KnVB6qIkUbs5X3UQ==
  
  tslib@^2.1.0, tslib@^2.3.1, tslib@^2.4.0:
    version "2.6.2"
    resolved "https://registry.yarnpkg.com/tslib/-/tslib-2.6.2.tgz#703ac29425e7b37cd6fd456e92404d46d1f3e4ae"
    integrity sha512-AEYxH93jGFPn/a2iVAwW87VuUIkR1FVUKB77NwMF7nBTDkDrrT/Hpt/IrCJ0QXhW27jTBDcf5ZY7w6RiqTMw2Q==
  
  tunnel-agent@^0.6.0:
    version "0.6.0"
    resolved "https://registry.yarnpkg.com/tunnel-agent/-/tunnel-agent-0.6.0.tgz#27a5dea06b36b04a0a9966774b290868f0fc40fd"
    integrity sha512-McnNiV1l8RYeY8tBgEpuodCC1mLUdbSN+CYBL7kJsJNInOP8UjDDEwdk6Mw60vdLLrr5NHKZhMAOSrR2NZuQ+w==
    dependencies:
      safe-buffer "^5.0.1"
  
  tweetnacl@^1.0.3:
    version "1.0.3"
    resolved "https://registry.yarnpkg.com/tweetnacl/-/tweetnacl-1.0.3.tgz#ac0af71680458d8a6378d0d0d050ab1407d35596"
    integrity sha512-6rt+RN7aOi1nGMyC4Xa5DdYiukl2UWCbcJft7YhxReBGQD7OAM8Pbxw6YMo4r2diNEA8FEmu32YOn9rhaiE5yw==
  
  type-fest@^0.3.1:
    version "0.3.1"
    resolved "https://registry.yarnpkg.com/type-fest/-/type-fest-0.3.1.tgz#63d00d204e059474fe5e1b7c011112bbd1dc29e1"
    integrity sha512-cUGJnCdr4STbePCgqNFbpVNCepa+kAVohJs1sLhxzdH+gnEoOd8VhbYa7pD3zZYGiURWM2xzEII3fQcRizDkYQ==
  
  type-fest@^1.0.2:
    version "1.4.0"
    resolved "https://registry.yarnpkg.com/type-fest/-/type-fest-1.4.0.tgz#e9fb813fe3bf1744ec359d55d1affefa76f14be1"
    integrity sha512-yGSza74xk0UG8k+pLh5oeoYirvIiWo5t0/o3zHHAO2tRDiZcxWP7fywNlXhqb6/r6sWvwi+RsyQMWhVLe4BVuA==
  
  typedarray-to-buffer@3.1.5:
    version "3.1.5"
    resolved "https://registry.yarnpkg.com/typedarray-to-buffer/-/typedarray-to-buffer-3.1.5.tgz#a97ee7a9ff42691b9f783ff1bc5112fe3fca9080"
    integrity sha512-zdu8XMNEDepKKR+XYOXAVPtWui0ly0NtohUscw+UmaHiAWT8hrV1rr//H6V+0DvJ3OQ19S979M0laLfX8rm82Q==
    dependencies:
      is-typedarray "^1.0.0"
  
  typescript@4.9.4:
    version "4.9.4"
    resolved "https://registry.yarnpkg.com/typescript/-/typescript-4.9.4.tgz#a2a3d2756c079abda241d75f149df9d561091e78"
    integrity sha512-Uz+dTXYzxXXbsFpM86Wh3dKCxrQqUcVMxwU54orwlJjOpO3ao8L7j5lH+dWfTwgCwIuM9GQ2kvVotzYJMXTBZg==
  
  unicode-canonical-property-names-ecmascript@^2.0.0:
    version "2.0.0"
    resolved "https://registry.yarnpkg.com/unicode-canonical-property-names-ecmascript/-/unicode-canonical-property-names-ecmascript-2.0.0.tgz#301acdc525631670d39f6146e0e77ff6bbdebddc"
    integrity sha512-yY5PpDlfVIU5+y/BSCxAJRBIS1Zc2dDG3Ujq+sR0U+JjUevW2JhocOF+soROYDSaAezOzOKuyyixhD6mBknSmQ==
  
  unicode-match-property-ecmascript@^2.0.0:
    version "2.0.0"
    resolved "https://registry.yarnpkg.com/unicode-match-property-ecmascript/-/unicode-match-property-ecmascript-2.0.0.tgz#54fd16e0ecb167cf04cf1f756bdcc92eba7976c3"
    integrity sha512-5kaZCrbp5mmbz5ulBkDkbY0SsPOjKqVS35VpL9ulMPfSl0J0Xsm+9Evphv9CoIZFwre7aJoa94AY6seMKGVN5Q==
    dependencies:
      unicode-canonical-property-names-ecmascript "^2.0.0"
      unicode-property-aliases-ecmascript "^2.0.0"
  
  unicode-match-property-value-ecmascript@^2.1.0:
    version "2.1.0"
    resolved "https://registry.yarnpkg.com/unicode-match-property-value-ecmascript/-/unicode-match-property-value-ecmascript-2.1.0.tgz#cb5fffdcd16a05124f5a4b0bf7c3770208acbbe0"
    integrity sha512-qxkjQt6qjg/mYscYMC0XKRn3Rh0wFPlfxB0xkt9CfyTvpX1Ra0+rAmdX2QyAobptSEvuy4RtpPRui6XkV+8wjA==
  
  unicode-property-aliases-ecmascript@^2.0.0:
    version "2.1.0"
    resolved "https://registry.yarnpkg.com/unicode-property-aliases-ecmascript/-/unicode-property-aliases-ecmascript-2.1.0.tgz#43d41e3be698bd493ef911077c9b131f827e8ccd"
    integrity sha512-6t3foTQI9qne+OZoVQB/8x8rk2k1eVy1gRXhV3oFQ5T6R1dqQ1xtin3XqSlx3+ATBkliTaR/hHyJBm+LVPNM8w==
  
  unique-string@^1.0.0:
    version "1.0.0"
    resolved "https://registry.yarnpkg.com/unique-string/-/unique-string-1.0.0.tgz#9e1057cca851abb93398f8b33ae187b99caec11a"
    integrity sha512-ODgiYu03y5g76A1I9Gt0/chLCzQjvzDy7DsZGsLOE/1MrF6wriEskSncj1+/C58Xk/kPZDppSctDybCwOSaGAg==
    dependencies:
      crypto-random-string "^1.0.0"
  
  universalify@^0.1.0:
    version "0.1.2"
    resolved "https://registry.yarnpkg.com/universalify/-/universalify-0.1.2.tgz#b646f69be3942dabcecc9d6639c80dc105efaa66"
    integrity sha512-rBJeI5CXAlmy1pV+617WB9J63U6XcazHHF2f2dbJix4XzpUF0RS3Zbj0FGIOCAva5P/d/GBOYaACQ1w+0azUkg==
  
  unload@2.2.0:
    version "2.2.0"
    resolved "https://registry.yarnpkg.com/unload/-/unload-2.2.0.tgz#ccc88fdcad345faa06a92039ec0f80b488880ef7"
    integrity sha512-B60uB5TNBLtN6/LsgAf3udH9saB5p7gqJwcFfbOEZ8BcBHnGwCf6G/TGiEqkRAxX7zAFIUtzdrXQSdL3Q/wqNA==
    dependencies:
      "@babel/runtime" "^7.6.2"
      detect-node "^2.0.4"
  
  upath@^1.1.2, upath@^1.2.0:
    version "1.2.0"
    resolved "https://registry.yarnpkg.com/upath/-/upath-1.2.0.tgz#8f66dbcd55a883acdae4408af8b035a5044c1894"
    integrity sha512-aZwGpamFO61g3OlfT7OQCHqhGnW43ieH9WZeP7QxN/G/jS4jfqUkZxoryvJgVPEcrl5NL/ggHsSmLMHuH64Lhg==
  
  update-browserslist-db@^1.0.11:
    version "1.0.11"
    resolved "https://registry.yarnpkg.com/update-browserslist-db/-/update-browserslist-db-1.0.11.tgz#9a2a641ad2907ae7b3616506f4b977851db5b940"
    integrity sha512-dCwEFf0/oT85M1fHBg4F0jtLwJrutGoHSQXCh7u4o2t1drG+c0a9Flnqww6XUKSfQMPpJBRjU8d4RXB09qtvaA==
    dependencies:
      escalade "^3.1.1"
      picocolors "^1.0.0"
  
  util-deprecate@^1.0.1, util-deprecate@^1.0.2:
    version "1.0.2"
    resolved "https://registry.yarnpkg.com/util-deprecate/-/util-deprecate-1.0.2.tgz#450d4dc9fa70de732762fbd2d4a28981419a0ccf"
    integrity sha512-EPD5q1uXyFxJpCrLnCc1nHnq3gOa6DZBocAIiI2TaSCA7VCJ1UJDMagCzIkXNsUYfD1daK//LTEQ8xiIbrHtcw==
  
  uuid@^9.0.0:
    version "9.0.0"
    resolved "https://registry.yarnpkg.com/uuid/-/uuid-9.0.0.tgz#592f550650024a38ceb0c562f2f6aa435761efb5"
    integrity sha512-MXcSTerfPa4uqyzStbRoTgt5XIe3x5+42+q1sDuy3R5MDk66URdLMOZe5aPX/SQd+kuYAh0FdP/pO28IkQyTeg==
  
  victory-vendor@^36.6.8:
    version "36.6.11"
    resolved "https://registry.yarnpkg.com/victory-vendor/-/victory-vendor-36.6.11.tgz#acae770717c2dae541a54929c304ecab5ab6ac2a"
    integrity sha512-nT8kCiJp8dQh8g991J/R5w5eE2KnO8EAIP0xocWlh9l2okngMWglOPoMZzJvek8Q1KUc4XE/mJxTZnvOB1sTYg==
    dependencies:
      "@types/d3-array" "^3.0.3"
      "@types/d3-ease" "^3.0.0"
      "@types/d3-interpolate" "^3.0.1"
      "@types/d3-scale" "^4.0.2"
      "@types/d3-shape" "^3.1.0"
      "@types/d3-time" "^3.0.0"
      "@types/d3-timer" "^3.0.0"
      d3-array "^3.1.6"
      d3-ease "^3.0.1"
      d3-interpolate "^3.0.1"
      d3-scale "^4.0.2"
      d3-shape "^3.1.0"
      d3-time "^3.0.0"
      d3-timer "^3.0.1"
  
  vlq@^2.0.4:
    version "2.0.4"
    resolved "https://registry.yarnpkg.com/vlq/-/vlq-2.0.4.tgz#6057b85729245b9829e3cc7755f95b228d4fe041"
    integrity sha512-aodjPa2wPQFkra1G8CzJBTHXhgk3EVSwxSWXNPr1fgdFLUb8kvLV1iEb6rFgasIsjP82HWI6dsb5Io26DDnasA==
  
  watchpack@2.4.0:
    version "2.4.0"
    resolved "https://registry.yarnpkg.com/watchpack/-/watchpack-2.4.0.tgz#fa33032374962c78113f93c7f2fb4c54c9862a5d"
    integrity sha512-Lcvm7MGST/4fup+ifyKi2hjyIAwcdI4HRgtvTpIUxBRhB+RFtUh8XtDOxUfctVCnhVi+QQj49i91OyvzkJl6cg==
    dependencies:
      glob-to-regexp "^0.4.1"
      graceful-fs "^4.1.2"
  
  web3modal@^1.9.9:
    version "1.9.12"
    resolved "https://registry.yarnpkg.com/web3modal/-/web3modal-1.9.12.tgz#cb000888fa422a96e3df552d4784e347ba35efcc"
    integrity sha512-RiLY2tNOEUCobtsMTmhwl/FoHZGxRZz7SSdLsh6qbbybPNUO0rFPY8xam9SpPwlLd2cUDGiWkLgDUJde0sHxdw==
    dependencies:
      detect-browser "^5.1.0"
      prop-types "^15.7.2"
      react "^16.8.6"
      react-dom "^16.8.6"
      styled-components "^5.3.3"
      tslib "^1.10.0"
  
  webidl-conversions@^3.0.0:
    version "3.0.1"
    resolved "https://registry.yarnpkg.com/webidl-conversions/-/webidl-conversions-3.0.1.tgz#24534275e2a7bc6be7bc86611cc16ae0a5654871"
    integrity sha512-2JAn3z8AR6rjK8Sm8orRC0h/bcl/DqL7tRPdGZ4I1CjdF+EaMLmYxBHyXuKL849eucPFhvBoxMsflfOb8kxaeQ==
  
  webpack-sources@^1.3.0:
    version "1.4.3"
    resolved "https://registry.yarnpkg.com/webpack-sources/-/webpack-sources-1.4.3.tgz#eedd8ec0b928fbf1cbfe994e22d2d890f330a933"
    integrity sha512-lgTS3Xhv1lCOKo7SA5TjKXMjpSM4sBjNV5+q2bqesbSPs5FjGmU6jjtBSkX9b4qW87vDIsCIlUPOEhbZrMdjeQ==
    dependencies:
      source-list-map "^2.0.0"
      source-map "~0.6.1"
  
  whatwg-url@^5.0.0:
    version "5.0.0"
    resolved "https://registry.yarnpkg.com/whatwg-url/-/whatwg-url-5.0.0.tgz#966454e8765462e37644d3626f6742ce8b70965d"
    integrity sha512-saE57nupxk6v3HY35+jzBwYa0rKSy0XR8JSxZPwgLr7ys0IBzhGviA1/TUGJLmSVqs8pb9AnvICXEuOHLprYTw==
    dependencies:
      tr46 "~0.0.3"
      webidl-conversions "^3.0.0"
  
  which@^2.0.1:
    version "2.0.2"
    resolved "https://registry.yarnpkg.com/which/-/which-2.0.2.tgz#7c6a8dd0a636a0327e10b59c9286eee93f3f51b1"
    integrity sha512-BLI3Tl1TW3Pvl70l3yq3Y64i+awpwXqsGBYWkkqMtnbXgrMD+yj7rhW0kuEDxzJaYXGjEW5ogapKNMEKNMjibA==
    dependencies:
      isexe "^2.0.0"
  
  workbox-background-sync@^5.1.4:
    version "5.1.4"
    resolved "https://registry.yarnpkg.com/workbox-background-sync/-/workbox-background-sync-5.1.4.tgz#5ae0bbd455f4e9c319e8d827c055bb86c894fd12"
    integrity sha512-AH6x5pYq4vwQvfRDWH+vfOePfPIYQ00nCEB7dJRU1e0n9+9HMRyvI63FlDvtFT2AvXVRsXvUt7DNMEToyJLpSA==
    dependencies:
      workbox-core "^5.1.4"
  
  workbox-broadcast-update@^5.1.4:
    version "5.1.4"
    resolved "https://registry.yarnpkg.com/workbox-broadcast-update/-/workbox-broadcast-update-5.1.4.tgz#0eeb89170ddca7f6914fa3523fb14462891f2cfc"
    integrity sha512-HTyTWkqXvHRuqY73XrwvXPud/FN6x3ROzkfFPsRjtw/kGZuZkPzfeH531qdUGfhtwjmtO/ZzXcWErqVzJNdXaA==
    dependencies:
      workbox-core "^5.1.4"
  
  workbox-build@^5.1.4:
    version "5.1.4"
    resolved "https://registry.yarnpkg.com/workbox-build/-/workbox-build-5.1.4.tgz#23d17ed5c32060c363030c8823b39d0eabf4c8c7"
    integrity sha512-xUcZn6SYU8usjOlfLb9Y2/f86Gdo+fy1fXgH8tJHjxgpo53VVsqRX0lUDw8/JuyzNmXuo8vXX14pXX2oIm9Bow==
    dependencies:
      "@babel/core" "^7.8.4"
      "@babel/preset-env" "^7.8.4"
      "@babel/runtime" "^7.8.4"
      "@hapi/joi" "^15.1.0"
      "@rollup/plugin-node-resolve" "^7.1.1"
      "@rollup/plugin-replace" "^2.3.1"
      "@surma/rollup-plugin-off-main-thread" "^1.1.1"
      common-tags "^1.8.0"
      fast-json-stable-stringify "^2.1.0"
      fs-extra "^8.1.0"
      glob "^7.1.6"
      lodash.template "^4.5.0"
      pretty-bytes "^5.3.0"
      rollup "^1.31.1"
      rollup-plugin-babel "^4.3.3"
      rollup-plugin-terser "^5.3.1"
      source-map "^0.7.3"
      source-map-url "^0.4.0"
      stringify-object "^3.3.0"
      strip-comments "^1.0.2"
      tempy "^0.3.0"
      upath "^1.2.0"
      workbox-background-sync "^5.1.4"
      workbox-broadcast-update "^5.1.4"
      workbox-cacheable-response "^5.1.4"
      workbox-core "^5.1.4"
      workbox-expiration "^5.1.4"
      workbox-google-analytics "^5.1.4"
      workbox-navigation-preload "^5.1.4"
      workbox-precaching "^5.1.4"
      workbox-range-requests "^5.1.4"
      workbox-routing "^5.1.4"
      workbox-strategies "^5.1.4"
      workbox-streams "^5.1.4"
      workbox-sw "^5.1.4"
      workbox-window "^5.1.4"
  
  workbox-cacheable-response@^5.1.4:
    version "5.1.4"
    resolved "https://registry.yarnpkg.com/workbox-cacheable-response/-/workbox-cacheable-response-5.1.4.tgz#9ff26e1366214bdd05cf5a43da9305b274078a54"
    integrity sha512-0bfvMZs0Of1S5cdswfQK0BXt6ulU5kVD4lwer2CeI+03czHprXR3V4Y8lPTooamn7eHP8Iywi5QjyAMjw0qauA==
    dependencies:
      workbox-core "^5.1.4"
  
  workbox-core@^5.1.4:
    version "5.1.4"
    resolved "https://registry.yarnpkg.com/workbox-core/-/workbox-core-5.1.4.tgz#8bbfb2362ecdff30e25d123c82c79ac65d9264f4"
    integrity sha512-+4iRQan/1D8I81nR2L5vcbaaFskZC2CL17TLbvWVzQ4qiF/ytOGF6XeV54pVxAvKUtkLANhk8TyIUMtiMw2oDg==
  
  workbox-expiration@^5.1.4:
    version "5.1.4"
    resolved "https://registry.yarnpkg.com/workbox-expiration/-/workbox-expiration-5.1.4.tgz#92b5df461e8126114943a3b15c55e4ecb920b163"
    integrity sha512-oDO/5iC65h2Eq7jctAv858W2+CeRW5e0jZBMNRXpzp0ZPvuT6GblUiHnAsC5W5lANs1QS9atVOm4ifrBiYY7AQ==
    dependencies:
      workbox-core "^5.1.4"
  
  workbox-google-analytics@^5.1.4:
    version "5.1.4"
    resolved "https://registry.yarnpkg.com/workbox-google-analytics/-/workbox-google-analytics-5.1.4.tgz#b3376806b1ac7d7df8418304d379707195fa8517"
    integrity sha512-0IFhKoEVrreHpKgcOoddV+oIaVXBFKXUzJVBI+nb0bxmcwYuZMdteBTp8AEDJacENtc9xbR0wa9RDCnYsCDLjA==
    dependencies:
      workbox-background-sync "^5.1.4"
      workbox-core "^5.1.4"
      workbox-routing "^5.1.4"
      workbox-strategies "^5.1.4"
  
  workbox-navigation-preload@^5.1.4:
    version "5.1.4"
    resolved "https://registry.yarnpkg.com/workbox-navigation-preload/-/workbox-navigation-preload-5.1.4.tgz#30d1b720d26a05efc5fa11503e5cc1ed5a78902a"
    integrity sha512-Wf03osvK0wTflAfKXba//QmWC5BIaIZARU03JIhAEO2wSB2BDROWI8Q/zmianf54kdV7e1eLaIEZhth4K4MyfQ==
    dependencies:
      workbox-core "^5.1.4"
  
  workbox-precaching@^5.1.4:
    version "5.1.4"
    resolved "https://registry.yarnpkg.com/workbox-precaching/-/workbox-precaching-5.1.4.tgz#874f7ebdd750dd3e04249efae9a1b3f48285fe6b"
    integrity sha512-gCIFrBXmVQLFwvAzuGLCmkUYGVhBb7D1k/IL7pUJUO5xacjLcFUaLnnsoVepBGAiKw34HU1y/YuqvTKim9qAZA==
    dependencies:
      workbox-core "^5.1.4"
  
  workbox-range-requests@^5.1.4:
    version "5.1.4"
    resolved "https://registry.yarnpkg.com/workbox-range-requests/-/workbox-range-requests-5.1.4.tgz#7066a12c121df65bf76fdf2b0868016aa2bab859"
    integrity sha512-1HSujLjgTeoxHrMR2muDW2dKdxqCGMc1KbeyGcmjZZAizJTFwu7CWLDmLv6O1ceWYrhfuLFJO+umYMddk2XMhw==
    dependencies:
      workbox-core "^5.1.4"
  
  workbox-routing@^5.1.4:
    version "5.1.4"
    resolved "https://registry.yarnpkg.com/workbox-routing/-/workbox-routing-5.1.4.tgz#3e8cd86bd3b6573488d1a2ce7385e547b547e970"
    integrity sha512-8ljknRfqE1vEQtnMtzfksL+UXO822jJlHTIR7+BtJuxQ17+WPZfsHqvk1ynR/v0EHik4x2+826Hkwpgh4GKDCw==
    dependencies:
      workbox-core "^5.1.4"
  
  workbox-strategies@^5.1.4:
    version "5.1.4"
    resolved "https://registry.yarnpkg.com/workbox-strategies/-/workbox-strategies-5.1.4.tgz#96b1418ccdfde5354612914964074d466c52d08c"
    integrity sha512-VVS57LpaJTdjW3RgZvPwX0NlhNmscR7OQ9bP+N/34cYMDzXLyA6kqWffP6QKXSkca1OFo/v6v7hW7zrrguo6EA==
    dependencies:
      workbox-core "^5.1.4"
      workbox-routing "^5.1.4"
  
  workbox-streams@^5.1.4:
    version "5.1.4"
    resolved "https://registry.yarnpkg.com/workbox-streams/-/workbox-streams-5.1.4.tgz#05754e5e3667bdc078df2c9315b3f41210d8cac0"
    integrity sha512-xU8yuF1hI/XcVhJUAfbQLa1guQUhdLMPQJkdT0kn6HP5CwiPOGiXnSFq80rAG4b1kJUChQQIGPrq439FQUNVrw==
    dependencies:
      workbox-core "^5.1.4"
      workbox-routing "^5.1.4"
  
  workbox-sw@^5.1.4:
    version "5.1.4"
    resolved "https://registry.yarnpkg.com/workbox-sw/-/workbox-sw-5.1.4.tgz#2bb34c9f7381f90d84cef644816d45150011d3db"
    integrity sha512-9xKnKw95aXwSNc8kk8gki4HU0g0W6KXu+xks7wFuC7h0sembFnTrKtckqZxbSod41TDaGh+gWUA5IRXrL0ECRA==
  
  workbox-webpack-plugin@^5.1.3:
    version "5.1.4"
    resolved "https://registry.yarnpkg.com/workbox-webpack-plugin/-/workbox-webpack-plugin-5.1.4.tgz#7bfe8c16e40fe9ed8937080ac7ae9c8bde01e79c"
    integrity sha512-PZafF4HpugZndqISi3rZ4ZK4A4DxO8rAqt2FwRptgsDx7NF8TVKP86/huHquUsRjMGQllsNdn4FNl8CD/UvKmQ==
    dependencies:
      "@babel/runtime" "^7.5.5"
      fast-json-stable-stringify "^2.0.0"
      source-map-url "^0.4.0"
      upath "^1.1.2"
      webpack-sources "^1.3.0"
      workbox-build "^5.1.4"
  
  workbox-window@^5.1.3, workbox-window@^5.1.4:
    version "5.1.4"
    resolved "https://registry.yarnpkg.com/workbox-window/-/workbox-window-5.1.4.tgz#2740f7dea7f93b99326179a62f1cc0ca2c93c863"
    integrity sha512-vXQtgTeMCUq/4pBWMfQX8Ee7N2wVC4Q7XYFqLnfbXJ2hqew/cU1uMTD2KqGEgEpE4/30luxIxgE+LkIa8glBYw==
    dependencies:
      workbox-core "^5.1.4"
  
  wrap-ansi@^8.0.1, wrap-ansi@^8.1.0:
    version "8.1.0"
    resolved "https://registry.yarnpkg.com/wrap-ansi/-/wrap-ansi-8.1.0.tgz#56dc22368ee570face1b49819975d9b9a5ead214"
    integrity sha512-si7QWI6zUMq56bESFvagtmzMdGOtoxfR+Sez11Mobfc7tm+VkUckk9bW2UeffTGVUbOksxmSw0AA2gs8g71NCQ==
    dependencies:
      ansi-styles "^6.1.0"
      string-width "^5.0.1"
      strip-ansi "^7.0.1"
  
  wrappy@1:
    version "1.0.2"
    resolved "https://registry.yarnpkg.com/wrappy/-/wrappy-1.0.2.tgz#b5243d8f3ec1aa35f1364605bc0d1036e30ab69f"
    integrity sha512-l4Sp/DRseor9wL6EvV2+TuQn63dMkPjZ/sp9XkghTEbV9KlPS1xUsZ3u7/IQO4wxtcFB4bgpQPRcR3QCvezPcQ==
  
  ws@7.4.6:
    version "7.4.6"
    resolved "https://registry.yarnpkg.com/ws/-/ws-7.4.6.tgz#5654ca8ecdeee47c33a9a4bf6d28e2be2980377c"
    integrity sha512-YmhHDO4MzaDLB+M9ym/mDA5z0naX8j7SIlT8f8z+I0VtzsRbekxEutHSme7NPS2qE8StCYQNUnfWdXta/Yu85A==
  
  ws@7.5.3:
    version "7.5.3"
    resolved "https://registry.yarnpkg.com/ws/-/ws-7.5.3.tgz#160835b63c7d97bfab418fc1b8a9fced2ac01a74"
    integrity sha512-kQ/dHIzuLrS6Je9+uv81ueZomEwH0qVYstcAQ4/Z93K8zeko9gtAbttJWzoC5ukqXY1PpoouV3+VSOqEAFt5wg==
  
  yallist@^3.0.2:
    version "3.1.1"
    resolved "https://registry.yarnpkg.com/yallist/-/yallist-3.1.1.tgz#dbb7daf9bfd8bac9ab45ebf602b8cbad0d5d08fd"
    integrity sha512-a4UGQaWPH59mOXUYnAG2ewncQS4i4F43Tv3JoAM+s2VDAmS9NsK8GpDMLrCHPksFT7h3K6TOoUNn2pb7RoXx4g==
  
  yallist@^4.0.0:
    version "4.0.0"
    resolved "https://registry.yarnpkg.com/yallist/-/yallist-4.0.0.tgz#9bb92790d9c0effec63be73519e11a35019a3a72"
    integrity sha512-3wdGidZyq5PB084XLES5TpOSRA3wjXAlIWMhum2kRcv/41Sn2emQ0dycQW4uZXLejwKvg6EsvbdlVL+FYEct7A==
  
  yaml@2.3.1, yaml@^2.1.1:
    version "2.3.1"
    resolved "https://registry.yarnpkg.com/yaml/-/yaml-2.3.1.tgz#02fe0975d23cd441242aa7204e09fc28ac2ac33b"
    integrity sha512-2eHWfjaoXgTBC2jNM1LRef62VQa0umtvRiDSk6HSzW7RvS5YtkabJrwYLLEKWBc8a5U2PTSCs+dJjUTJdlHsWQ==
  
  yup@^0.32.11:
    version "0.32.11"
    resolved "https://registry.yarnpkg.com/yup/-/yup-0.32.11.tgz#d67fb83eefa4698607982e63f7ca4c5ed3cf18c5"
    integrity sha512-Z2Fe1bn+eLstG8DRR6FTavGD+MeAwyfmouhHsIUgaADz8jvFKbO/fXc2trJKZg+5EBjh4gGm3iU/t3onKlXHIg==
    dependencies:
      "@babel/runtime" "^7.15.4"
      "@types/lodash" "^4.14.175"
      lodash "^4.17.21"
      lodash-es "^4.17.21"
      nanoclone "^0.2.1"
      property-expr "^2.0.4"
      toposort "^2.0.2"
  
  zod@3.21.4:
    version "3.21.4"
    resolved "https://registry.yarnpkg.com/zod/-/zod-3.21.4.tgz#10882231d992519f0a10b5dd58a38c9dabbb64db"
    integrity sha512-m46AKbrzKVzOzs/DZgVnG5H55N1sv1M8qZU3A8RIKbs3mrACDNeIOeilDymVb2HdmP8uwshOCF4uJ8uM9rCqJw==
